Name,Count
Vanesa,1858
Fleda,12
Elliana,8136
Maida,254
Litzy,4821
Kaye,11235
Leah,209947
Maybell,1221
Millicent,6749
Maryjane,7730
Latosha,5463
Laurette,691
Daisie,9
Isabel,111834
Misti,6682
Marsha,102166
Veva,571
Ruth,815905
Caron,845
Lorayne,124
Olevia,402
Myrle,1733
Adley,713
Irena,32
Tera,7072
Christene,2367
Ruthe,1150
Selena,45029
Jayne,24425
Dorothea,31631
Willene,1701
Shanna,25463
Bea,76
Sage,14010
Jeane,2638
Sasha,33089
Campbell,3797
Kristian,3811
Cali,11956
Hazelle,40
Nana,13
Ever,23
Violette,1736
Leslee,993
Carolynn,2171
Kennedy,58234
Mckayla,11186
Kendall,53014
Coletta,534
Gerri,3686
Mandie,683
Charisse,2030
Velma,84838
Bree,3928
Jemma,2325
Ludie,1711
Marleen,1655
Zoie,7905
Emery,12637
Arlena,196
Yvonne,152784
Meggan,749
Jenniffer,247
Corine,11577
Sudie,2511
Jazlyn,10996
Alani,4603
Karan,1995
Harley,19428
Izabelle,1068
Natalie,335404
Windy,3125
Casie,2455
Leana,35
Jaslene,2066
Florance,267
Rhonda,206377
Mellie,686
Dawne,242
Lulla,9
Azzie,12
Jacqulyn,95
Benita,11190
Dorinda,3372
Alysia,5834
Doshie,143
Mira,4732
Destini,5239
Bristol,4566
Minna,948
Lilla,1938
Madonna,7705
Shaylee,4099
Corrine,17408
Mabelle,1385
Eleonora,43
Rayne,2404
Jack,1139
Danica,11851
Kendal,5546
Mima,44
Valery,1567
Aubrielle,1307
Galilea,3525
Loren,7955
Emmalynn,1367
Rozella,1642
Elizabet,445
Lizabeth,2161
Fae,1070
Latonya,20436
Martina,14492
Lockie,51
Jaimee,958
Tamra,11349
Denise,371022
Whitley,2227
Cloe,1115
Iridian,214
Edris,16
Mya,47768
Dionne,7291
Barbie,1167
Myrna,29464
Melina,13166
Demetria,7255
Reva,12125
Samiya,264
Leticia,39880
Aaron,1370
Georgie,9496
Fatima,28125
Isabela,8128
Arrie,408
Lucie,1284
Lottie,39688
Earnestine,15114
Shanice,7629
Khloe,30721
Vela,16
Anneliese,272
Syble,4814
Keely,9670
Cleda,82
Zula,3262
Nobie,27
Hilma,2074
Floyd,10
Gayla,9393
Maxine,106082
Chynna,688
Diamond,30791
Delaney,32292
Vonetta,287
Yamilex,301
Stevie,5218
Lizeth,5668
Inell,781
Petra,7702
Nautica,669
Holland,632
Debroah,119
Golden,739
Winnifred,3492
Susan,1117579
Baylie,197
Trina,29302
Dominque,2364
Marita,1925
Mayra,30150
Crissy,697
Darleen,6573
Lynsey,2494
Christopher,7035
Ceil,51
Lulu,7344
Alexandrea,5824
Vannie,61
Darby,2978
Darian,4454
Ally,7797
Zelia,56
Charline,3754
Kyla,35856
Inga,752
Retha,9603
Erline,390
Ashlynn,20595
Dani,420
Moira,1123
Ariane,164
Tyesha,2194
Ellyn,90
Nereida,149
Lavonia,13
Aja,5207
Jerica,1833
Yahaira,603
Natosha,929
Freeda,2172
Devan,2484
Sharlene,9047
Dakota,28313
Cameron,24292
Brianda,265
Clare,26555
Brynlee,7021
Kiyoko,113
Freda,40330
Tilda,385
Bethel,2724
Dara,8811
Risa,618
Fleeta,14
Neta,1461
Rubie,3043
Marilou,1390
Yolonda,1674
Jadyn,10193
Ryan,21156
Britta,191
Catherine,646646
Ida,164433
Joann,153709
Annetta,7100
Gidget,315
Audrey,266383
Rella,61
Mabel,115559
Latoria,816
Reatha,549
Therese,31912
Tory,324
Sibbie,11
Aisha,19677
Maricela,9654
Jodi,77374
Jada,61323
Alondra,34557
Valeria,59941
Georgeann,502
Otelia,145
Ciarra,399
Jalynn,1592
Dulcie,195
Leonia,118
Felipa,114
Taylor,311303
Eleanora,3822
Mignon,40
Raylee,273
Inez,62395
Miriah,201
Montserrat,971
Signa,21
Celesta,42
Yulisa,198
Channing,330
Fonda,1342
Roslyn,13329
Margie,103735
Santa,1405
Cathie,4657
Madeleine,35911
Avie,48
Kitty,9842
Gillian,12580
Chana,6421
Kristan,2410
Jessika,3646
Emmeline,643
Lylah,2947
Marlene,127900
Kellee,646
Grecia,167
Velda,6681
Ashly,9524
Aloma,250
Gunda,12
Thelma,223182
Lahoma,50
Kaylin,16522
Margret,6862
Allie,42488
Marva,8774
Lorean,68
Elida,3261
Bryleigh,1771
Elsie,164810
Yoshiko,689
Marta,13045
Madelynn,11520
Paislee,2757
Arya,5741
Lilly,48366
Irma,69936
Lexi,19401
Verena,37
Aanya,266
Erie,324
Waneta,1539
Hallie,25320
Peggie,6036
Suzie,1039
Celeste,55264
Maegan,6819
Kassidy,16212
Blanch,5151
Jeannie,33667
Onnie,73
Corda,124
Eloise,44846
Lacey,48424
Isabelle,80512
Brisa,5612
America,8712
Shaquana,209
Dariana,267
Chrissy,1558
Imo,34
Larry,1364
Qiana,1321
Lesli,929
Jannie,12495
Frederica,75
Breann,3668
Estefany,434
Marleigh,1121
Lular,120
Salena,385
Liv,1291
Veola,281
Phylicia,1518
Christena,301
Maddison,16056
Tonda,500
Nichelle,1456
Hassie,667
Anika,11196
Milagros,4033
Merry,7712
Rosella,12930
Halie,5775
Elfreda,13
Sister,107
Josette,1831
Littie,40
Lota,44
Peyton,61809
Marlen,471
Maurine,7638
Olivia,395482
Azaria,2844
Hilda,76321
Mara,18568
Devyn,5483
Leoma,30
Ocie,2959
Edna,280031
Milena,1292
Florida,2400
Dicie,195
Mollie,42092
Kamille,256
Bette,33895
Stephenie,2795
Laureen,5175
Carmella,15099
Nya,2581
Sena,341
Odell,3307
Corrie,4316
Wendi,12515
Karma,2738
Aniyah,21279
Evette,2526
Sandie,304
Viridiana,839
Jillian,78993
Gayle,59882
Sina,113
Vita,1346
Averie,6128
Atha,175
Kathie,13492
Janiya,9243
Connie,264011
Elda,6107
Latrice,7571
Siobhan,2040
Theola,814
Zina,2252
Karley,5268
Nita,12534
Audrianna,1050
Skyler,20841
Ethyle,12
Doretha,7327
Towanda,374
Blossom,770
Vivien,1528
Addie,33064
Clementine,6099
Marion,182332
Nila,2784
Elwanda,183
Lavera,1061
Renee,183090
Carlee,9224
Shiloh,4134
Marylou,10550
Shanika,4523
Teela,175
Rosanna,11553
Brionna,2710
Shannen,216
Berniece,9106
Star,895
Brigid,225
Francine,33201
Beulah,68858
Lavona,151
Jerilynn,218
Edrie,113
Joselyn,14159
Syreeta,1249
Sibyl,2578
Fiona,20461
Inger,118
Dayle,279
Ada,81438
Melanie,236428
Debbra,2663
Camille,63075
Camila,48055
Evita,210
Phoebe,27209
Jocelyne,1677
Lashonda,8049
Shirleyann,59
Marnie,3789
Peggy,290972
Garnet,5519
Bert,28
Sadye,716
Beatrice,186318
Ardath,79
Mariam,9663
Andi,300
Iris,75796
Krystal,72730
Esmeralda,42496
Beckie,494
Regan,12681
Dove,38
Joetta,943
Adelyn,9727
Carleen,4444
Elberta,565
Karie,2584
Nancie,1240
Kittie,611
Nella,1970
Cara,49072
Cristy,5340
Joselin,685
Mariann,5044
Edith,253733
Karri,2144
Laquita,4038
Ashleigh,29906
Flo,521
Zita,799
Haylee,25750
Romona,3153
Louvenia,2237
Emelie,14
Larissa,20914
Lorna,25192
Emmaline,1284
Sharday,170
Marci,11836
Lissie,154
Nala,551
Calista,2430
Viviana,18253
Delois,7218
Drew,2720
Rosaline,1319
Glendora,382
Eleanor,269849
Savanah,7339
Anjelica,2040
Jazmin,38865
Kirby,985
Allene,7332
Jazmyne,1640
Lauri,9656
Marguerite,87554
Jan,53107
Nathalie,15277
Vera,132405
Liberty,8666
Charleen,4472
Shana,27243
Gwyneth,803
Clemmie,1228
Hellen,4901
Hadassah,2980
Giuliana,6485
Evia,46
Daniele,380
Jenelle,2358
Mireya,3738
Mikaela,16030
Kaley,10579
Valerie,253765
Aria,27663
Fidelia,10
Orah,21
Ardyce,159
Margarette,4575
Margaretta,803
Dahlia,5215
Magan,691
Kerry,46796
Margo,19260
Dessa,47
Keisha,19851
Gladis,166
Linsey,2321
Terrie,18140
Samira,1050
Dimple,1108
Parker,10996
Concetta,11845
Macie,15145
Ula,154
Aimee,51512
Yolanda,109965
Milda,25
Darcy,17773
Mckenzie,52547
Mila,19727
Princess,9430
Lisa,963755
Jaleesa,2142
Tanisha,17027
Valentine,52
Kyra,31938
Renae,10971
Candyce,289
Dominga,2021
Cheyenne,64371
Adrianne,8854
Dennis,68
Deneen,2543
Lovie,4003
Kaelynn,1676
Charlotte,319462
Emmer,1005
Paris,23625
Dorothy,1102814
Samantha,559681
Jenny,90060
Jayme,10053
Vashti,116
Sarina,2545
Ethel,262264
Jayda,16519
Gladyce,233
Adell,4689
Yuridia,839
Thekla,26
Karolyn,1998
Tempie,355
Gail,199749
Dawn,286638
Marisa,47375
Nohely,215
Abby,54820
Myah,7130
Amani,8132
Jolene,26910
Izora,289
Savanna,28426
Buffy,2654
Jordin,1316
Gale,18412
Elise,60488
Haleigh,12408
Kadijah,799
Clara,253352
Riya,2674
Paisley,21563
Hortensia,131
Amia,1005
Reba,31961
Kennedi,9158
Caren,7394
Michael,19178
Angie,60960
Odette,32
Ciji,394
Janessa,11403
Nikole,4248
Milana,1403
Carmen,135108
Roy,395
Jazlene,340
Twyla,3449
Versie,1321
Carli,4428
Leona,101927
Demi,5204
Sharyn,4967
Kimora,6737
Carolyn,553289
Cecilia,90733
Tamia,10167
Michell,3556
Yesenia,37395
Joni,25671
Roxana,4969
Luanne,7647
Aubri,1281
Natalia,55203
Corinna,2999
Marquita,7097
Ramona,64083
Reina,4812
Domenica,375
Katherin,277
Tabetha,901
Nilda,117
Heavenly,278
Ressie,801
Nadia,37520
Robbin,6972
Zettie,266
Austin,415
Kiersten,11679
Pandora,132
Alia,6100
Adison,1069
Jeanne,160922
Violeta,160
Alba,600
Andrea,426225
Lydia,152957
Sharen,2568
Valorie,4680
Shelvie,64
Kayleigh,28146
Charleigh,2667
Georgiann,396
Vicky,49488
Remington,872
Grace,460205
Ayana,7698
Tayler,9128
Payton,47289
Carina,12466
Kristyn,5589
Zandra,354
Adrienne,65999
Cecile,17991
Norine,3569
Keena,152
Milan,2954
Evangelina,2174
Noel,9030
Blakely,3197
Wilhelmine,108
Mettie,322
Vassie,165
Lura,6668
Bobbi,21557
Rosia,2250
Vernell,5777
Viola,123323
Scott,253
Iyana,2178
Candi,5832
Helga,397
Lilith,2139
Charla,5978
Annalee,1127
Edythe,12231
Caitlynn,1679
Claire,171996
Deirdre,14632
Rory,2114
Greta,21858
Aida,5993
Cristen,152
Lela,35098
Lyla,21086
Lonnie,4869
Shelli,5232
Christina,473175
Palma,2159
Yasmine,9706
Laraine,1757
Toccara,698
Raelynn,6757
Cleone,45
Mozelle,4477
Chandra,15544
Carmela,19453
Mistie,415
Bernadette,50501
Becky,84039
Mimi,2840
Shonna,1105
Kallie,8279
Trinidad,1640
Aubriana,257
Onie,740
Charlee,6522
Myrl,1102
Beaulah,1496
Cherie,28424
Belinda,68998
Gertha,406
Verne,27
Gaye,4949
Hope,84836
Kelly,469281
Rhoda,22507
Cordia,401
Adalynn,10720
Emilie,22270
Hailee,13423
Isabell,10485
Imani,21118
Yessenia,4600
Vesta,6416
Orrie,13
Elianna,2968
Elsa,27029
Sammie,5195
Una,5238
Francisca,7388
Ivah,205
Shellie,7656
Mallory,51694
Ginny,4914
Kamilah,172
Shania,13414
Beth,157372
Deanna,132581
Brittnee,1238
Shelvia,118
Alexus,17482
Clyde,2973
Goldia,1086
Jannette,1157
Ireland,2860
Kayli,3913
Ninnie,19
Eda,2068
Louis,788
Mitzi,10475
Euna,1283
Manuelita,16
Corinne,46665
Alice,535394
Yasmeen,1956
Jerrilyn,86
Sharleen,133
Maye,896
Taja,259
Myra,56403
Andra,1406
Julisa,292
Josephine,290857
Florie,27
Diane,516006
Minnie,134784
Hermine,333
Melonie,2182
Adelynn,4998
Rosann,945
Clarice,21139
Shalon,168
Jacque,2542
Bettina,3023
Berdie,180
Icy,319
Kristin,177472
Emily,817254
Kalani,331
Gennie,161
Harlee,1158
Janay,3003
Marylee,711
Michelina,52
Odile,171
Jann,724
William,14373
Carri,1641
Lidia,725
Pepper,132
Marni,1802
Cliffie,11
Jesse,7663
Maggie,104721
Kendra,92703
Ardell,1676
Aubrianna,1508
Lucretia,8504
Bev,354
Jewel,35583
Alexander,1617
Ira,3181
Almira,261
Billy,2609
Dylan,8251
Alysha,6471
Jenni,2458
Stephani,795
Marylouise,119
Jeffie,46
Julie,506336
Phylis,1624
Kelsi,6852
Donita,2906
Caroline,211902
Essie,36077
Krysta,4213
Dallas,5096
Roxanna,8046
Brooklynn,26282
Sommer,2333
Annette,165372
Adel,11
Brittani,10557
Devin,14572
Augusta,11153
Alfreda,10059
Stephania,572
Charli,2470
Carlota,10
Jade,74258
Elisabeth,44576
Louanna,9
Maliyah,8263
Latoya,44017
Leyla,3992
Migdalia,2338
Tana,7077
Icie,582
Charlsie,59
Kasey,30449
Jerry,15600
Temperance,1203
Dayana,8872
Bianca,68771
Aiyanna,557
Eulah,963
Manda,414
Esther,247881
Trisha,36432
Stacey,145170
Kacy,1314
Katy,16199
Delcie,96
Enola,1089
Elenora,2276
Kortney,2919
Rosalyn,16687
Dottie,7457
Dinah,5917
Beverly,374007
Yajaira,1029
Elouise,7989
Kristy,67968
Alva,6225
Rebecca,741002
Tenika,157
Isla,11476
Braelynn,2822
Cicely,468
Keira,24143
Margurite,392
Zelda,10432
Arleen,10013
Allyn,89
Stacy,160754
Roberta,168631
Maleah,4923
Johnie,4168
Ethie,9
Shawnda,823
Mandi,7649
Daphne,33236
Jordyn,47058
Kristine,81653
Aminah,302
Malissie,9
Patience,6446
Maryann,58607
Kerri,35340
Tristan,2269
Xiomara,2233
Amie,17366
Tyra,10777
Evonne,1498
Katia,1222
Cinda,2764
Santana,1610
Assunta,116
Ivie,29
Rose,466082
Ivy,40919
Minerva,11233
Zela,12
Lula,73272
Darline,2090
Hayley,46427
Shamika,4066
Cecelia,53788
Caldonia,32
Cristina,48767
Camilla,16405
Britny,567
Lorenza,86
Lady,119
Else,33
Merlene,1061
Aretha,2631
Aliyah,32857
Hattie,83912
Melva,12609
Haley,151978
Barbra,5629
Ernest,14
Rihanna,4722
Tamera,10950
Neoma,2316
Mikayla,50467
Naya,718
Sanjuana,199
Cambria,1074
Lenna,849
Marcelle,2171
Odie,656
Tatyana,8403
Everleigh,1154
Corean,97
Clarisa,323
Abril,6067
Carl,220
Brenda,605611
Katharine,38603
Giovanna,7716
Mariela,7245
Liz,4946
Kizzie,599
Karlee,10241
Freddie,9211
Almeta,721
Tommie,15007
Ashli,3417
Kyleigh,15666
Avalyn,525
Macy,25883
Melany,9161
Santos,772
Thora,945
Lillian,415355
Madie,2072
Gisele,811
Shatara,159
Margaretha,34
Lindsay,127162
Tatianna,2366
Lorrie,15592
Nevada,286
Lauren,462035
Elena,66839
Letha,17317
Alberta,67349
Freya,1558
Ami,4452
Yetta,2948
Kaleigh,14652
Mendy,906
Amaris,1977
Sheilah,198
Tabitha,56490
Joy,132441
Amina,6146
Symone,966
Hali,2137
Gwyn,254
Bebe,119
Lynette,39526
Maralyn,114
Kailee,10383
Thomasina,54
Cyndi,1471
Theresia,179
Noelle,29564
Deana,20435
Priscila,711
Kathryn,446336
Jessenia,1390
Garnett,1758
Odalis,905
Chase,668
Marjorie,268747
Laila,27276
Charlie,15159
Mintie,71
Randy,3162
Madlyn,201
Vonda,9111
Loree,26
Carolann,2786
Colleen,160212
Zaria,7751
Jaycee,6939
Bertina,10
Jacquline,5054
Tess,11158
Lise,1303
Nanie,106
Joanie,2157
Aleta,3123
Demetra,371
Missie,46
Joi,164
Geneva,83216
Alize,3249
Lois,327793
Bertie,11708
Gusta,115
Alethea,523
Shirlee,4433
Laurel,42032
Ione,8399
Marvel,3957
Danyelle,2822
Collins,996
Ardeth,286
Idamae,54
Tami,36484
Myrtie,3095
Reyna,12137
Makala,744
Tai,160
Akira,2474
Kelsey,143605
Ronna,3470
Laney,7987
Jewell,26211
Iliana,8269
Asha,2888
Wende,139
Elvera,4360
Kori,7819
Charley,3365
Elisha,9893
Ola,26606
Daijah,195
Tisha,7216
Abbey,15243
Gigi,1835
Riley,86530
Nancy,996550
Bobby,6398
Jerrie,3331
Jaylyn,2992
Bettie,35726
Janel,8800
Lera,1087
Tawana,4607
Heaven,22046
Nell,23056
Tracey,84849
Hazel,239121
Sebrina,256
Aura,59
Dawna,3388
Rita,279824
Maryanne,9772
Monica,246783
Catalina,11590
Shaneka,456
Chrystal,12240
Ariella,4362
Kayden,6421
Bethzy,301
Lonie,625
Glennis,115
Alene,7043
Meredith,71850
Tessie,6628
Unique,2556
Alisha,54279
Jakayla,4633
Vada,6726
Florrie,450
Cori,8173
Caylee,4947
Maribeth,3556
Ayanna,12354
Vilma,1551
Adella,2899
Rosemarie,46862
Henry,2674
Claudie,2907
Mertie,549
Kamya,278
Teena,3515
Idabelle,9
Sandra,872690
Kadence,8995
Francesca,26228
Karly,7875
Ansley,7554
Jayla,34815
Billye,2189
Tea,551
Marolyn,169
Alvira,51
Marilee,5176
Treva,8092
Birtie,176
Harriett,19389
Ozell,20
Roseanne,4451
Annmarie,14619
Maryjo,4963
Kyara,228
Teagan,14590
Kristi,74879
Essence,6223
Cheryll,1632
Katerina,2251
Tiny,354
Margarete,616
Artie,5124
Dejah,1040
Alianna,529
Cheri,34862
Khadijah,2946
Roselyn,8227
Coralie,64
Melvina,3878
Verlie,1032
Alycia,6451
Nyah,1557
Ladonna,19694
Luvenia,2404
Aileen,33387
Junie,23
Roxanne,54379
Kanesha,198
Alesia,3478
Robin,286243
Pearlene,243
Lempi,28
Mannie,25
Halley,333
Misty,82445
Kayla,330980
Bama,28
Gary,296
Candis,2216
Lyn,5676
Katlin,3868
Pauline,221422
Francis,24505
Kristal,8880
Nicki,2416
Makena,3328
Carlene,12117
Alpha,5600
Kailyn,11377
Trudi,369
Makenzie,36088
Doreen,44164
Sutton,1099
Marietta,12533
Shirl,362
Beula,246
Averi,2630
Kandace,2599
Orlena,11
Alexa,112689
Catrina,7745
Danelle,4507
Sheree,12144
Dean,763
Melony,221
Baylee,16857
Verona,2522
Cheryl,436873
Sylvia,236728
Lilyanna,2039
Areli,1950
Linnea,1514
Portia,6124
Bridget,87998
Coraima,221
Aya,830
Elle,9498
Leonie,234
Roxane,3598
Dana,190520
Donie,236
Tressie,3544
Jaunita,5626
Elin,2157
Sherron,972
Esta,3004
Ashely,4382
Felice,21
Denine,133
Kazuko,63
Kinsey,3651
Yulissa,612
Dixie,39334
Paityn,3152
Somer,152
Kiana,21686
Evie,7753
Gene,5748
Adaline,2219
Cathryn,11634
Jolette,258
Judi,9220
Julieta,899
Lexis,615
Dorene,6723
Vernon,297
Sariyah,820
Sybil,16704
Lorelai,3455
Shelba,1415
Gina,149579
Merle,13748
Felicity,8780
Saniya,4981
Charissa,1669
Casey,74403
Kirstie,2292
Jacki,948
Emersyn,3302
Lethia,11
Kensley,2062
Shae,227
Natalya,3250
Kathrine,13526
Georgianna,6115
Monique,76441
Beverlee,537
Dollie,16735
Lorri,7136
Rosa,166527
Josefina,9174
Karen,983784
Marlena,6616
Kandice,3456
Mahala,240
Anthony,3658
Madaline,1754
Lilia,4934
Norma,274838
Alma,152843
Kasandra,6037
Annie,330098
Merilyn,797
Pearlie,16779
Ariah,2231
Sunny,2202
Louisa,11551
Lupe,16511
Nova,6540
Janet,554403
Jacquelin,3629
Shayla,28567
Melinda,131330
Alexys,1491
Lovina,123
Nyla,12182
Clarine,186
Sandi,8231
Jayde,2933
Diandra,191
Delfina,851
Noemi,17663
Joseline,277
Socorro,3500
Enid,6522
Destinee,14574
Osa,145
Tarah,2511
Gemma,6857
Hazle,1762
Jurnee,286
Elaine,256213
Earlie,30
Kenneth,1094
Chanel,14674
Kattie,2600
Hedy,609
Latasha,28844
Elvina,1017
Loula,46
Opal,64549
Darla,38090
Iva,32334
Chelsie,11216
Dolores,208379
Rowan,7722
Griselda,5499
Juli,4250
Cassie,42809
Dorthea,133
Etha,663
Frank,2501
Annabella,10242
Emmalee,5847
Fanny,5722
Noreen,17595
Shyla,1867
Mozell,2293
Ursula,12017
Lizzie,30728
Krista,71678
Kaaren,276
Margueritte,178
Carley,14275
Rubi,4116
Mathilde,462
Zaniyah,3165
Abagail,3263
Spring,943
Josefita,10
Meadow,4797
Magdalena,15187
Tiana,24709
Tambra,127
Debbi,1893
Hulda,3913
Pennie,3766
Malia,17124
Kelsea,3372
Shaquita,352
Lemma,9
Cadence,17040
Meagan,39668
Babette,856
Aurore,211
Laylah,3180
Altha,2433
Enriqueta,60
Araceli,16218
Tomeka,2605
Danyell,269
Adilene,188
Cathy,167328
Harlow,3534
Marceline,1251
Brandy,104029
Farrah,6197
Brielle,23958
Kyrie,164
Omie,201
Missouri,501
Kalene,204
Jo,177230
Rylan,2426
Addilyn,2976
Ava,216960
Karin,26119
Shena,521
Joline,68
Stacie,36986
Althea,13408
Bulah,2346
Lucy,181485
Shiela,2048
Suzan,7195
Nikia,1637
Abrielle,1104
Lora,48589
Mckenna,32883
Rena,34291
Taya,2665
Mari,10998
Shasta,2132
Jaquelin,762
Lynda,74803
Keanna,207
Eris,329
Dian,3918
Kiara,45215
Rosemary,154400
Joslyn,5506
Mikalah,321
Nena,199
Delila,50
Deedee,1673
Ayva,280
Abigale,2994
Joelle,9231
Eudora,731
Tiffanie,7545
Phyllis,320497
Octavia,10155
Julianna,37004
Marcella,60151
Kailynn,561
Winifred,39728
Kalie,2219
Carma,867
Pearle,2016
Thalia,9238
Romaine,1741
Kara,96608
Lakeshia,3939
Lindy,3814
Karina,56146
Dovie,7028
Mae,99738
Lotta,38
Shawn,31084
Verda,6973
Glenna,23703
Lenore,20701
Sherlyn,5454
Kyle,5375
Rosamond,2316
Marybelle,597
Vergie,3742
Jolie,7582
Almeda,3209
Pamala,6307
Ericka,20816
Nichol,992
Shakira,5219
Cassandra,165796
Caitlyn,50794
Cressie,12
Anniston,300
Gregoria,341
Idella,4847
Lakesha,7131
Nyree,296
Latesha,656
Hollie,13546
Augustine,1816
Ann,465725
Ettie,643
Lucinda,32381
Oneta,374
Cammie,307
Dalary,300
Kari,56441
Mariyah,3550
Leanne,26188
Salina,3653
Beatriz,13153
Alaya,1988
Saundra,15973
Caryn,10677
Kizzy,1841
Marian,135305
Loreen,788
Kristen,216900
Contina,333
Cydney,1282
Alisa,31846
Cleta,2852
Doshia,67
Kenya,23044
Sonia,64232
Tosha,5551
Amber,367378
Ardith,4660
Brylee,6623
Amaya,24538
Joette,458
Anahi,13048
Jamiya,268
Lavenia,31
Giselle,37766
Pamella,1802
Roxann,5929
Kayley,5936
Deborrah,292
Nolia,26
Patsy,116772
Malaysia,2946
Launa,17
Jetta,9
Amya,8422
Henretta,200
Destiny,141478
Fawn,2510
Anjanette,1477
Mariel,2191
Laurie,163086
Yvette,61072
Tameka,11493
Shelly,81754
Keri,30124
Sherry,227263
Cherrie,1274
Laverne,41834
Aiyana,6509
Christi,19255
Lavon,4113
Willodean,397
Kaiya,4920
Miracle,12053
Ilene,14782
Danna,14287
Arthur,1072
Brittaney,2097
Giana,5617
Veronica,215371
Kaylyn,10068
Jaelynn,5446
Shenna,179
Altie,58
Christiana,4573
Reagan,41618
Bridgette,20202
Fern,34185
London,28281
Ebony,37190
Heidi,140434
Loma,893
Isa,184
Louie,850
Hildur,315
Ura,53
Thomas,5038
Dasia,2791
Kimber,2805
Loyce,2353
Lurline,908
Leva,134
Nayeli,15467
Donnie,5463
Ernestina,2028
Zena,973
Flossie,19935
Nicolle,1512
Zenobia,535
Chantal,4479
Georgette,11048
Marlana,313
Eileen,185138
Josefa,1827
Dominique,48278
Vina,3020
Joellen,3181
Rayna,5574
Hettie,5423
Aggie,130
Venice,63
Corene,2641
Treasure,274
Edward,2206
Kameron,656
Kristie,36770
Carly,61432
Daniella,24801
Ariya,1014
Bonita,35697
Tessa,43554
Amari,11770
Treena,126
Fay,29780
Earline,15492
Elmira,2762
Kimberlie,799
Kimberlee,15257
Sheridan,1213
Drusilla,188
Tawanna,1725
Amirah,3221
Iola,8325
Vincenza,1948
Lilyan,1090
Emerson,14330
Pamelia,193
Cheyanne,13030
Olinda,24
Jackie,87775
Annis,1663
Sherrie,34005
Shira,155
Robbie,20243
Robert,19066
Paula,277147
Byrd,51
Vernice,5163
Helene,30154
Sharonda,4409
Dagmar,256
Richelle,5589
Harlene,264
Anjali,1176
Jill,206156
Avah,2672
Jaye,421
Hermina,658
Adriana,83572
Olar,9
Verla,5243
Shavonne,1144
Maci,13232
Athena,25305
Mittie,4637
Tobi,286
Nona,14363
Maranda,9426
Alys,19
Ilda,19
Sharyl,289
Jackeline,1306
Karol,6630
Ellen,266690
Margarita,37449
Tamica,936
Aylin,8768
Tonia,19886
Sierra,93698
Marely,1722
Shauna,26134
Ariyah,1071
Leigh,37761
Brynn,18360
Neola,16
Shantell,2584
Serina,347
Britni,3116
Breanne,8355
Kandi,3466
Susana,17026
Briley,3665
Leonora,3873
Liddie,342
Armida,597
Jamey,146
Erin,309369
Cristin,1746
Krystle,12201
Letta,44
Jason,3976
Linette,933
Concepcion,1939
Donna,828780
Margarite,58
Rosanne,12264
Evelena,20
Dayami,392
Rosena,29
Cinnamon,201
Phyliss,54
Vernie,2908
Mayme,8110
Emogene,4249
Alicia,222963
Cathrine,4783
Janiyah,9024
Haruko,59
Rheta,293
Jossie,341
Indiana,10
Shelby,142363
Amparo,584
Brett,175
Mackenzie,118102
Lourdes,11034
Love,31
Christel,1426
Emmy,3195
Noreta,52
Morgan,207166
Georgiana,5788
Albert,379
Rhea,8181
Brenna,26603
Arely,6850
Markita,313
Mikala,1728
Lasonya,252
Elvie,1483
Halle,12280
Staci,23922
Desirae,10751
Florine,10365
Shameka,4962
Briana,90643
Delta,794
Dwan,173
Hortencia,1345
Elnora,19011
Sky,3577
Latonia,3578
Christin,9160
Eve,21273
Danae,761
Cherilyn,291
Ali,6559
Shea,7678
Noor,272
Mindi,2331
Karter,683
Karlie,8541
Marjory,6707
Zahra,1254
Tisa,144
Rosario,4430
Arminta,34
Ashlea,875
Debbie,185139
Braelyn,5928
Rubye,6191
Carmelita,2931
Stella,151506
Lainey,5717
Cher,536
Kamari,582
Jeraldine,2846
Carissa,26514
Deandra,604
Arvilla,2259
Isamar,921
Jaylin,6252
Carlotta,2528
Christen,8961
Suzann,1637
Mallorie,398
Sophie,101611
Zona,3074
Eula,44378
Katheryn,10128
Theresa,399299
Denita,113
Lyric,12752
Lavonda,245
Tawny,864
Lani,732
Brianna,244319
Bayleigh,523
Kathey,127
Ellison,854
Analia,2177
Philomene,24
Marcelina,54
Aracely,4038
Jimmy,52
Leann,21158
Christal,5859
Matilde,95
Stasia,664
Jayleen,6796
Shalonda,3004
Rebeca,8444
Liliana,46628
Salome,287
Ingrid,24231
Celena,900
Rhona,89
Jeri,20510
Cory,3999
Nadine,49484
Cherrelle,188
Ceola,782
Lutie,176
Shanta,3610
Lyndsay,4755
Coleen,9925
Zoey,63936
Elois,1274
Kandy,3200
Janey,772
Bambi,3497
Euphemia,14
Silvia,15541
Presley,16172
Shavon,1858
Kianna,5138
Josie,52108
Jodie,24316
Perla,17116
Ila,17946
Steven,596
Tammie,34161
Debora,26106
Deann,8005
Laurine,727
Evon,787
Genesis,54371
Marlyn,2864
Aurelia,7242
Ena,540
Lucille,216611
Finley,8695
Ayesha,295
Ollie,36359
Anner,131
Latrina,784
Jessica,1041237
Raymond,631
Kellie,48815
Corey,7032
Olga,57727
Samiyah,1493
Sabra,425
Marnita,347
Lorraine,205639
Pearline,4948
Mechelle,2107
India,18203
Venus,4845
Alline,856
Elinor,16712
Carroll,3890
Cristine,450
Alaia,427
Arizona,342
Debby,8317
Laci,6291
Jaelyn,10915
Manie,59
Margot,5323
Kiya,231
Infant,2405
Dalia,5612
Nettie,42322
Leesa,2219
Brittnay,192
Ashley,837521
Suzy,1600
Diann,11330
Brittnie,820
Brittany,356950
Georgetta,1080
Ashlie,7759
Kaela,4230
Angelique,26838
Leisa,3752
Keeley,871
Meta,3481
Jenna,141124
Billie,99069
Hannah,413273
Estrella,10588
Marlee,9107
Marisol,31656
Holly,197993
Esperanza,15001
Ferne,3927
Mariana,30578
Virdie,36
Micah,10381
Rachel,557283
Osie,331
Miranda,106988
Kaylen,3407
Florene,3797
Shyanne,7322
Hilary,20953
Tayla,491
Ellis,280
Lonna,705
Aaliyah,74285
Byrdie,11
Avery,98891
Kisha,5077
Raelyn,4324
Cristi,981
Dola,49
Zada,397
Estella,31957
Cristal,12972
Maple,14
Amelie,5047
Chaka,147
Geraldine,205551
Rivka,1145
Cayla,8152
Melba,33315
Debra,548254
Daniela,54209
Rosalie,65109
Alvena,294
Michal,81
Arletta,224
Vertie,324
Carmel,4249
Sherita,2080
Loria,250
Tonja,5568
Katrina,98204
River,3371
Tanika,2690
Marissa,117399
Teresa,411711
Dusty,2077
Lizbeth,21045
Louann,3277
Kamryn,17535
Bobbie,86345
Lillyana,554
Kailey,23773
Makaila,2212
Keshia,3459
Laniyah,295
Ryleigh,18609
Payten,1129
Libby,12360
Lori,338001
Jeremy,139
Tina,289229
Consuelo,14250
Bina,24
Pearly,14
Ether,104
Sue,142128
Dania,2101
Jeannette,66846
Devon,16652
Madison,356539
Felicia,89134
Brandi,99639
Rosalee,6607
Irva,19
Tena,5300
Farah,346
Coretta,676
Maura,16222
Floretta,68
Eleanore,15422
Ivonne,428
Dianne,92460
Kindra,143
Sharon,720471
Herminia,1205
Breana,9386
Ariel,62542
Nyasia,2973
Keara,736
Lossie,114
Serenity,44788
Tennie,1275
Tamara,128605
Leone,5118
Scarlette,1458
Elenore,443
Elia,12
Jaime,47470
Joshua,2914
Jonna,1530
Berneice,2607
Justin,2059
Gabriela,74956
Ottie,500
Frieda,22231
Jerrica,2838
Cindi,5560
Tamala,1237
Carrie,251767
Kelis,277
Maiya,213
Estefani,756
Jena,10319
Angeline,30807
Allison,285376
Gaynell,2311
Sydni,3126
Sunshine,2086
Marybeth,6688
Sheyla,524
Savannah,151953
Lettie,6662
Frida,3568
Louise,319076
Paulette,42448
Courtney,255248
Erma,52413
Germaine,5603
Zainab,849
Aleena,5863
Kimberli,1148
Hedwig,2408
Walter,1946
Rosalind,22958
Cora,113103
Andrew,1351
Sanai,837
Maebell,27
Kali,20323
Lillie,142575
Lorena,41621
Taryn,23250
Estela,2090
Jennie,114263
Elizabeth,1585942
Rosaria,50
Norah,13951
Harriet,82090
Jane,365135
Karel,69
Bernita,2463
Hertha,739
Angeles,498
Queenie,1407
Marcela,605
Leafy,24
Ciera,9996
Danyel,247
Augustina,13
Adelaide,19835
Jacqueline,418539
Kai,1696
Marcy,19315
Kimberley,35594
Adria,1457
January,842
Whitney,94515
Kaylee,116601
Christy,96066
Rae,18117
Roni,872
Jaslyn,588
Shante,4278
Ashton,15903
Docia,263
Tiffani,13405
Leonore,791
Kaila,11287
June,186807
Ardelle,191
Afton,902
Adrianna,41332
Cary,2595
Glynis,884
Mafalda,981
Wren,1388
Justice,14079
Cierra,25633
Maryellen,10420
Ora,34731
Jaida,7605
Kenisha,1473
Myla,6711
Blanche,79116
Angella,551
Avianna,1545
Gertrude,164495
Goldie,31707
Arlie,766
Ashlyn,42644
Jimmie,21030
Amiah,529
Karlene,943
Adela,5788
John,20194
Emmalyn,3542
Brittni,5036
Lurena,10
Kinley,11079
Johana,1773
Madisyn,13342
Remy,608
Patti,43328
Linda,1450838
Scarlett,39508
Roseann,13208
Sunday,109
Arly,246
Djuana,190
Malissa,5426
Braylee,2523
Hadlee,922
Caydence,844
Nellie,131206
Azariah,1398
Summer,72683
Delphine,8458
Lona,8187
Jessi,3458
Daja,436
Delisa,909
Nelle,3841
Oleta,4632
Corina,11116
Jalissa,172
Versa,11
Effie,35337
Alease,163
Kaya,6214
Zaylee,270
Kaycee,2699
Vira,147
Carey,10098
Tiara,21259
Latricia,2939
Rochelle,44168
Starla,4319
Evalena,47
Fred,326
Geri,5991
Karissa,18094
Kylene,354
Lilah,8818
Kathaleen,1478
Alysa,4136
Ciara,32267
Mickie,1146
Deloris,33291
Bula,97
Micayla,208
Charles,10019
Delia,31456
Agnes,146641
Janette,29732
Bernardine,1995
Bryana,2996
Claudine,9241
Shandra,127
Aurora,43564
Lennon,1278
Alivia,22698
Breanna,80139
Janell,12588
Emmie,2190
Angelia,18413
Shirleen,82
Doloris,867
Alison,108822
Monserrat,4538
Ouida,3678
Ember,3714
Kathleen,710558
Maurice,759
Vara,14
Kenzie,13239
Marti,760
Alexandr,301
Leigha,265
Aubrey,92716
Etter,10
Alta,25033
Jamya,3590
Frona,168
Velvet,853
Twila,9806
Aliana,3271
Alena,8417
Sofia,106471
Maud,8173
Kira,31835
Antonia,29871
Yareli,5929
Alecia,8836
Ara,647
Suzette,13025
Addilynn,673
Stacia,5277
Ashtyn,1786
Jonnie,3208
Murl,12
Taniyah,2151
Naoma,1460
Sula,332
Lara,24962
Janiah,2118
Dyan,128
Miah,5703
Leta,9773
Dina,25789
Talia,23227
Krysten,1505
Gwenda,303
Roxie,14670
Jasmin,42714
Tanja,520
Magen,1384
Glenn,119
Miesha,187
Glynda,1184
Ailene,56
Madyson,11418
Sophia,302986
Leia,4469
Briella,4514
Mabell,103
Trudy,23248
Lawanda,10610
Forest,25
Tiarra,758
Theda,5016
Verdie,1467
Zella,9344
Fannie,74376
Janie,69952
Johannah,10
Harriette,7488
Chasity,22312
Milani,702
Flora,59169
Kathyrn,393
Cherise,936
Macel,18
Aniya,14448
Zelma,15292
Yaretzi,7305
Cataleya,2738
Kaydence,13230
Royal,371
Vickey,4838
Eunice,74216
Martine,203
Ashlee,41647
Ana,97066
Lorene,37281
Yuliana,2772
Odessa,13909
Nylah,4826
Bettye,21994
Marilla,13
Rosina,2792
Katalina,986
Terri,143868
Alda,3522
Myrta,66
Mirna,123
Madisen,2704
Monika,7393
Moriah,9946
Alejandra,46987
Eugene,705
Jammie,1281
Alyssa,299208
Lacie,6901
Caprice,116
Texie,26
Delma,6801
Vida,6178
Cleo,26624
Nelia,46
Latoyia,167
Mammie,1206
Wava,232
Kaia,7266
Elora,280
Jonell,52
Lilie,88
Raquel,47430
Nealie,61
Krystina,2644
Alverta,1509
Kacey,7079
Nahla,841
Iesha,5681
Shonda,6094
Jennifer,1463714
Sydnie,2736
Christie,43656
Selah,5053
Jeanie,14864
Vennie,161
Carry,67
Vernita,453
Juanita,204500
Elvia,446
Luella,25884
Estefania,3443
Hester,11951
Lala,148
Alannah,2839
Georgia,144638
Santina,537
Patrice,32028
Maren,1609
Marisela,6784
Gerda,127
Renata,3285
Scarlet,6628
Luetta,458
Sylva,10
Tressa,2082
Carlie,11430
Tierra,12825
Clydie,15
Emelia,4011
Evangeline,19790
Sheron,1271
Elizebeth,1957
Kiarra,556
Linnie,5962
Jesenia,382
Lollie,129
April,236257
Juliet,24216
Lou,31322
Missy,3608
Mildred,444663
Pollie,282
Lucero,3248
Joseph,7829
Leitha,15
Vivienne,8246
Lenora,30508
Kendyl,523
Penny,93778
Laken,1287
Geralyn,3648
Anabella,3559
Gianna,55714
Addison,103513
Tara,173007
Sherrill,5803
Neveah,1981
Oral,23
Marilynn,10399
Roma,5027
Gwen,25838
Kecia,1817
Willie,141538
Jaqueline,11722
Judy,378993
Odalys,1716
Gerry,5446
Britney,33254
Fredericka,13
Gerald,203
Zola,4738
Bess,4156
Angelica,86122
Maybelle,4719
Karsyn,2951
Kati,2587
Ela,27
Antionette,5203
Alaina,34300
Arnetta,19
Marianna,11182
Lindsey,153489
Columbia,10
Louetta,74
Reese,26800
Nina,121704
Aleen,106
Leisha,519
Nicholas,468
Addyson,12713
Sonya,61539
Erlinda,2188
Juniper,2384
Retta,737
Alana,52062
Charolette,695
Ivory,2131
Arabella,10584
Clifford,412
Piper,31591
Shanda,6105
Giavanna,540
Johnnie,46452
Eric,2149
Hildegard,735
Leanna,21735
Larue,2997
Jailyn,1752
Theodosia,71
Alla,13
Bonnie,320678
Amiya,5707
Mozella,115
Alvina,7157
Fabiola,5040
Maria,535793
Wanda,279288
Nia,18258
Netta,10
Bernetta,329
Kensington,277
Zion,4102
Joanna,99881
Colette,16398
Sienna,20467
Monna,53
Merna,802
Tamatha,2097
Amberly,685
Elisa,40622
Sawyer,4141
Veta,187
Electa,188
Marry,65
Emely,15958
Delora,261
Jazzlyn,265
Kaylan,657
Maureen,142105
Alida,800
Alanna,18682
Arianna,79973
Samatha,1251
Antoinette,75891
Josiephine,60
Karrie,7848
Elenor,682
Howard,57
Merrilee,149
Alexia,39735
Dosha,13
Marcia,131004
Ardelia,112
Khalilah,514
Toni,97186
Tasia,999
Melodie,6003
Letty,244
Jaylah,5949
Ottilia,142
Felicitas,67
Bertha,186392
Elzie,9
Kacie,9228
Bentley,287
Creola,235
Deja,14024
Harmoni,282
Loriann,2065
Kathi,9180
Shirlie,118
Emilee,20542
Jean,454722
Dannie,12
Carolina,40350
Teressa,3978
Ashanti,8344
Karren,416
Lailah,3138
Ayla,15481
Monroe,1373
Doris,458860
Itzel,14236
Dianna,53255
Kathryne,1846
Anne,317897
Lavonne,15089
Judie,3776
Jaeda,346
Ivanna,2643
Journee,3280
Sonja,35633
Rhianna,1686
Toya,1691
Tatia,211
Hillary,25484
Wynter,931
Shreya,1118
Gisselle,7635
Illa,58
Loretto,224
Cornelia,18332
Shelbie,2861
Elfrieda,559
Kathern,412
Kiera,17811
Allyson,48657
Earl,527
Frankie,27737
Latanya,8251
Classie,126
Anais,1733
Kaylynn,9003
Erlene,854
Joleen,2124
Marcie,12991
Helen,1005190
Dafne,224
Gladys,262217
Lida,3297
Prudie,25
Tillie,11486
Tracy,248188
Antonette,3038
Jaclyn,44917
Consuela,277
Gillie,44
Naomi,148475
Hana,7535
Charity,30987
Elliott,1034
Barb,3258
Valencia,7185
Leo,578
Tennessee,9
Sheila,235897
Destany,1062
Gussie,11261
Zariah,6152
Eboni,4761
Alvera,1657
Leilani,22714
Karla,86886
Amanda,779589
Lina,8545
Edmonia,75
Aislinn,280
Jacey,4465
Aletha,3333
Raven,36838
Vanessa,248810
Carter,1233
Shirlene,3657
Rianna,486
Philomena,6964
Jerri,13752
Kierra,13659
Harry,186
Susanna,14781
Ruthie,17598
Sharde,190
Carin,1599
Takisha,861
Lena,126167
Hanna,33841
Nanci,4100
Frances,578691
Emma,589101
Valentina,22834
Lita,923
Salma,6596
Belen,4265
Mazie,5203
Jennette,69
Vienna,294
Gena,9413
Fran,3869
Juliana,51772
Alyssia,615
Lennox,377
Bethann,226
Harold,1170
Hasel,25
Kayleen,554
Starr,3369
Lesly,11431
Bailee,11687
Vikki,5464
Jeanetta,1203
Madge,11933
Lorrayne,57
Hetty,25
Ayleen,2352
Suzanna,4014
Jayden,19712
Celia,51908
Ximena,17682
Matilda,24495
Carole,108565
Dortha,6024
Willow,18305
Leslie,264827
Cynthia,707143
Azul,1586
Tresa,2595
Tamekia,604
Kenia,5215
Malaya,2879
Alyvia,2444
Daisy,130544
Kate,74060
Armani,5754
Siena,4825
Anona,44
Oakley,1108
Kyndall,1568
Gretta,50
Louella,10892
Nikki,37541
Clarabelle,667
Lorelei,7716
Kris,11917
Kaci,6280
Dewey,141
Falon,510
Charlene,129868
Niki,3013
Nakita,489
Norita,244
Keesha,721
Maira,2795
Chaya,9050
Jaidyn,4298
Eugenia,26807
Nan,9069
Ray,3447
Mossie,313
Henriette,331
Avis,15476
Villa,38
Virgie,19730
Hortense,5305
Dorla,596
Nira,201
Janna,11861
Gracelynn,3253
Gloria,410095
Clarissa,36787
Tammi,12923
Shay,412
Porsha,2216
Bryn,1810
Ina,29772
Myranda,2140
Kay,95648
Holli,5824
Rylie,14591
Estell,3389
Lillia,39
Girtha,13
Oda,479
Marty,1898
Jeana,4972
Manuela,5873
Fallon,4618
Porsche,354
Kylie,100781
Berenice,5125
Ruby,338036
Lassie,136
Maia,9226
Fairy,1362
Ruthann,3769
Tenley,3386
Sarah,1050550
Jasmyn,3529
Lella,69
Jessye,9
Prudence,2453
Daisha,1833
Soledad,54
Lannie,65
Oralia,3038
Logan,21589
Margy,131
Shanelle,382
Georgene,3220
Clella,43
Aliza,5020
Kaelyn,12354
Dulce,14910
Val,110
Estelle,47274
Rosabelle,18
Ilah,66
Marlo,3746
Jerilyn,2882
Attie,32
Zariyah,2044
Adyson,2306
Polly,26534
Lyndsey,12541
Haven,9677
Clementina,17
Hessie,276
Damaris,7629
Shanae,1788
Joey,2222
Beyonce,353
Keila,217
Deb,989
Mickey,4606
Katarina,5322
Cruz,958
Paige,133451
Quiana,1883
Dotty,51
Matthew,3311
Leatrice,3612
Bell,1167
Mai,2176
Nonie,206
Kamila,6773
Lillianna,3014
Wendy,259976
Calleigh,335
Violet,123657
Nola,19019
Dee,13653
Kaliyah,6620
Tasha,33499
Joana,3086
Vlasta,286
Helena,32703
Aliya,6301
Danika,5825
Jacklyn,12688
Coral,963
Thyra,76
Ernestine,42239
Isabella,288039
Kaylene,197
Dona,17196
Magdalene,4887
Kaleena,611
Madelene,233
Perri,119
Janae,14988
Chelsy,413
Maudie,10361
Sherilyn,778
Lesa,9892
Elyssa,3268
Carlyn,68
Alyce,13917
Jazmyn,6696
Lakisha,11106
Mary,4026390
Daria,2613
Tegan,1533
Joanne,209009
Jensen,204
Luna,15459
Arie,335
Jovita,170
Berta,4599
Janeen,4371
Loretta,170402
Vivian,198202
Beverley,11873
Kailani,847
Elva,27345
Ardella,2485
Ivana,1597
Noretta,65
Kenyatta,1333
Shianne,979
Raegan,13353
Angelina,113921
Betsy,44835
Tristen,970
Lesia,2216
Grayce,1973
Annalise,8113
Ellie,45231
Queen,11094
Xena,554
Teri,42084
Leighton,3737
Regina,175595
Jeannine,22733
Alexis,331631
Adriane,3282
Dellie,91
Shari,39445
Racheal,7282
Collette,2916
Hadley,19555
Chimere,314
Nicola,972
Nakisha,1251
Rikki,4019
Dayanara,4301
Lavelle,55
Wilma,137465
Isobel,273
Annamae,2255
Sade,7124
Azalea,1836
Hailey,148584
Audra,20546
Ginger,41962
Alyse,2024
Rosita,3054
Troy,119
Malinda,17606
Crystal,328821
Mikaila,238
Meryl,1484
Jaiden,6877
Jaliyah,6863
Edra,44
Saniyah,4987
Vinnie,1189
Camisha,165
Beryl,8904
Priscilla,117177
Brinley,4037
Esme,1830
Anabel,3530
Katlynn,1869
Adeline,43318
Aranza,764
Noma,444
Ofelia,3919
Magdalen,1291
Elmer,406
Viva,2117
Luberta,73
Albina,3795
Blanca,22335
Winona,8364
Carolee,2208
Zhane,594
Kynlee,2339
Wanita,124
Lacy,15251
Kassie,3145
Brittanie,3633
Georgina,11559
Madeline,177821
Leora,7392
Joyce,506434
Annabel,9201
Elvira,22766
Lisha,778
Susanne,24307
Erika,121750
Ozella,1104
Rosetta,24995
Melody,89688
Harmony,19346
Ivette,5875
Malorie,398
Blake,4089
Britany,3726
Orma,20
Aryana,4425
Tania,25626
Chantel,13256
Phoenix,5698
Chelsi,2065
Regenia,506
Oneida,122
Easter,3792
Anna,840829
Julianne,28573
Avalynn,590
Susie,77112
Marylyn,1687
Nataly,11706
Coraline,1690
Christian,16728
Audrina,6423
Ethelyn,3502
Meda,579
Lavinia,1928
Erykah,555
Lanita,114
Joan,477235
Lashunda,295
Lanie,11
Lennie,2781
Marin,1436
Tangela,1654
Rettie,12
Huldah,264
Alex,5115
Kathlyn,1791
Buena,114
Cherish,5550
Merri,1464
Lucia,38274
Tiesha,208
Kora,1482
Corie,142
Kelsie,16584
Brittney,79611
Evalyn,4701
Carolyne,790
Angel,91639
Azalee,19
Eartha,707
Daleyza,3340
Leandra,2404
Jaycie,200
Elana,255
Shanell,1093
Kathy,331748
Molly,159158
Chris,21198
Baby,3835
Elinore,1238
Janice,403599
Lana,47889
Zara,5297
Tamya,511
Rocio,10399
Brigette,1903
Dori,2910
Madilynn,4794
Chloe,186876
Anissa,8818
Maeve,8438
Kaylie,18729
Brinda,186
Emory,1468
Shaniqua,3185
Manila,138
Annabell,3477
Imelda,2114
Zilpha,26
Exa,32
Haylie,7911
Cathi,899
Amelia,153788
Debrah,3088
Stormy,1551
Bryanna,17432
Ralph,59
Echo,363
Tianna,10033
Johnny,177
Tia,31168
Hayden,21243
Lester,41
Darlene,201145
Darcie,2218
Myrtle,125653
Judith,451362
Cherelle,367
Brandon,1828
Irene,346730
Shaunna,339
Tricia,38275
Paulina,13876
Kinslee,665
Landry,569
Mia,187705
Jaylee,4861
Norman,55
Jasmine,238181
Anastacia,12
Nora,126528
Regena,85
Susannah,1500
Mindy,39264
Jordynn,2074
Latarsha,932
Eliza,43718
Reece,268
Kelcie,623
Glinda,1286
Bettyjane,219
Lelia,11904
Saylor,1110
Arietta,19
Shaun,602
Trista,9818
Lu,2217
Tracee,857
Gabriel,3311
Lilliana,11860
Fronie,207
Clair,15
Leola,25851
Dora,94738
Fleta,245
Katlyn,16998
Drema,576
Danette,8736
Donald,2430
Sheena,19160
Jaylene,5455
Albertina,83
Leda,604
Michelle,805932
Fumiko,171
Aldona,300
Sarai,14454
Alayah,2653
Tamiko,2022
Brittny,1936
Martha,533649
Bonny,3736
Trula,409
Zoe,108100
Shantel,8349
Luisa,3246
Torrie,303
Angela,660536
Terra,11298
Venessa,2463
Christeen,728
Filomena,3695
Ammie,90
Lyndia,79
Ronnie,3689
Maya,82878
Jeryl,155
Remi,1374
Moesha,637
Adah,1034
Delphia,2864
Velva,3081
Ardis,5278
Shayna,13673
Novella,3844
Kylee,44003
Luana,569
Kaitlynn,15320
Faith,127898
Sanjuanita,623
Caryl,4866
Machelle,1624
Leota,9150
Delores,115803
Giada,2363
Sallie,42429
Margaret,1220342
Sloan,1586
Willia,2253
Lynne,59916
Amy,684534
Lilyana,5408
Delilah,28594
Annika,14346
Jody,53570
Karyl,325
Breonna,2690
Gilda,8063
Antonetta,79
Christa,30477
Kim,176520
Cinthia,205
Lesta,10
Flor,1387
Hadleigh,592
Danita,5676
Genie,99
Racquel,1125
Karis,1667
Stephaine,610
Krystin,1122
Dale,20270
Ozie,35
Burnice,322
Nada,762
Timothy,634
Sally,199522
Adelia,1957
Natalee,5848
Orpha,4753
Lavada,2947
Selma,21988
Bailey,91349
Lessie,12404
Dayna,11648
Autumn,111098
Roxy,10
Miya,3763
Janine,30874
Sonji,225
Dorthy,18864
Sigrid,380
Belva,6748
Henley,1466
Clarinda,14
James,21655
Ainsley,11888
Ilona,501
Oliva,11
Mardell,721
Victory,78
Katharyn,21
Emaline,23
Audriana,1765
Elliot,1730
Kaidence,559
Jalyn,2393
Stefanie,33936
Akeelah,403
Ethyl,1385
Lavern,5479
Ariana,86966
Yadira,10814
Dorathy,944
Kevin,1547
Zendaya,653
Millie,22890
Djuna,198
Rowena,8034
Yoselin,3728
Elna,3607
Brigitte,4452
Merrily,401
Trena,3192
Kathlene,472
Tamela,5723
Albertha,4133
Alisson,2788
Jamila,4637
Eller,14
Freida,8990
Suellen,1984
Ellamae,198
Vonnie,1231
Lelar,118
Yamileth,1889
Dannielle,685
Magnolia,4702
Maisie,894
Renita,5222
Adrian,10760
Valarie,14977
Kirstin,6403
Chyna,2361
Tiffany,334761
Bernice,177435
Kesha,3245
Bethany,95099
Leaner,13
Claribel,453
Vickie,107903
Ima,5996
Rosey,28
Edwina,13271
Nanette,15375
Pinkie,2339
Elissa,13469
Mercedes,43889
Pearl,140258
Chelsea,157267
China,1268
Audie,1213
Kia,5712
Bernadine,20873
Anya,12308
Capitola,13
Noa,656
Nicole,581755
Arielle,21810
Erica,228909
Debi,2793
Mark,1727
Cordie,1005
Nallely,306
Joe,9648
Michaele,104
Odelia,319
Maymie,295
Charmaine,14076
Jaylynn,6660
Tinley,1059
Lisette,5519
Dolly,17316
Maebelle,56
Mable,49804
Darlyne,50
Diana,354901
Ossie,1979
Kaylah,3614
Delpha,852
Dot,10
Citlalli,920
Toby,2905
Lisbeth,752
Traci,50466
Samara,9491
Katina,8262
Aleigha,1122
Celine,5638
Lorine,7197
Mariah,101911
Helyn,289
Buna,84
Clora,409
Daisey,73
Minta,179
Suzanne,216612
Sariah,4667
Elease,1813
Orene,38
Tomasa,1265
Floy,5574
Mylie,664
Destiney,5612
Masako,147
Izola,107
Brande,174
Naima,1173
Adline,202
Rosie,73407
Lia,12905
Kimberely,607
Dorotha,4033
Karon,5007
Evaline,45
Gearldine,3640
Muriel,52210
Loris,112
Jacalyn,2649
Saige,5421
Emilia,21636
Blair,10048
Chante,465
Alaysia,1042
Sara,416898
Sydney,161743
Dorris,6417
Marylin,1850
Lee,60013
Sharron,14905
Zeta,12
Heather,523880
Darci,3825
Zetta,381
Cherri,2122
Isis,9034
Shara,2223
Reta,7760
Jeffrey,367
Bobbye,1906
Edyth,1130
Ona,5510
Laura,779893
Wynona,1806
Nannie,21498
Livia,3367
Besse,263
Ryann,5935
Marlie,607
Debera,89
Gretchen,51712
Megan,434716
Ronald,670
Gia,9964
Iyanna,1262
Brandee,2981
Jule,215
Robyn,58862
Thea,2245
Aviana,1737
Adriene,243
Tishie,12
Virgia,39
Cassondra,2154
Barbara,1431519
Iona,9229
Journey,9226
Monnie,347
Chanda,3983
Dagny,13
Elta,328
Pauletta,794
Kerrie,6805
Mareli,411
Bettylou,490
Zuri,2945
Britt,532
Lizette,8931
Adda,173
Cecily,1431
Effa,39
Denisse,1626
Skyla,8570
Pyper,273
Leatha,3782
Gracelyn,6539
Agatha,5465
Izetta,301
Rozanne,68
Shelbi,3435
Genoveva,27
Arlene,139807
Sharla,3875
Wilda,11468
Lyda,3056
Kinsley,13663
Lola,80439
Camryn,23166
Elma,18543
Mylee,1874
Eden,26381
Mame,37
Jeanmarie,120
Nayely,331
Albertine,1047
Arla,566
Dena,29807
Georgine,555
Rachelle,31040
Madalynn,5960
Verna,65752
Ingeborg,27
Cari,10608
Rosalia,1689
Tomika,1795
Sherie,2848
Richard,7099
Loraine,15251
Malvina,547
Joella,62
Erna,7685
Janelle,51642
Terry,95008
Ova,503
Lavina,3832
Carrol,2578
Lilianna,4183
Oma,8242
Lea,30048
Etta,34163
Beda,53
Kyndal,532
Forrest,26
Luverne,53
Parthenia,50
Lissette,4300
Libbie,568
Cortney,15540
Carleigh,1075
Shannon,293682
Pluma,29
Charlize,2869
Paralee,127
Carol,814226
Everly,5281
Bria,12512
Arline,15838
Belle,9371
Denese,98
Nathalia,1226
Maxie,2843
Pat,39523
Shirley,683091
Nedra,4643
Domonique,3667
Luann,14270
Hollis,782
Milania,1707
Jacquelyn,82656
Neha,219
Macey,8957
Kaitlyn,159898
Sheryl,76918
Londyn,12085
Melisa,16051
Lila,58741
Abbie,17062
Cassidy,52378
Heidy,1129
Jonathan,1379
Vallie,1565
Grisel,204
Carie,2284
Tari,118
Gabriella,102167
Denice,8144
Kirsten,51192
Henrietta,46356
Lue,5117
Aubrie,8790
Leeann,10756
Simone,22460
Catina,3267
Marlys,7649
Sloane,4655
Sondra,25643
Danielle,364277
Ophelia,12682
Jettie,2286
Rachael,80662
Dorthey,110
Denisha,701
Sydell,55
Nakia,5844
Quinn,19140
Lakendra,346
Wilhelmina,8898
Evelyne,2118
Fernanda,12274
Elayne,1739
Mckinley,5334
Paola,20614
Marla,35335
Ines,1742
Penni,1038
Caleigh,1546
Maliah,2122
Aubriella,567
Flonnie,142
Lauretta,8085
Katelin,7466
Latisha,16876
Nathaly,3928
Shona,288
Lexus,4770
Adamaris,572
Liane,246
Diya,1948
Brian,2190
Jasmyne,187
Mellissa,3712
Chiquita,4102
Ricki,712
Tracie,30892
Sophronia,321
Eola,38
Deyanira,201
Katie,230504
Vena,1168
Judyth,135
Williemae,69
Andria,5748
Paloma,6110
Kami,4662
Tamika,21420
Jazlynn,3785
Natasha,93637
Earlean,989
Annabelle,49031
Tonya,118802
Randi,27013
Opha,12
Leila,40773
Luciana,5575
Kala,5192
Helma,93
Anitra,2367
Kalyn,4399
Vessie,27
Madalyn,16998
Jemima,23
Miley,10116
Unknown,6578
Margene,110
Ruthanne,352
Leontine,219
Eliana,27818
Citlali,1495
Sharman,286
Kelli,73284
Clotilda,10
Torie,131
Deidre,13640
Tyler,13565
Tamisha,122
Lanette,2247
Tashina,168
Glenda,106515
Michaela,46559
Doretta,109
Tanesha,4132
Lily,128094
Sheryll,101
Candida,1002
Anita,211059
Asia,30068
Lashawn,4958
Hildred,1803
Allisson,1598
Saanvi,602
Margery,14264
Abbigail,9779
Shawanda,1153
Cleola,17
Otha,16
Biddie,11
Candace,82148
Shannan,3100
Sharee,159
Kaitlin,55882
Lynnette,12807
Lauryn,17858
Sidney,20115
Mamie,68964
Renea,1496
Zana,252
Montie,65
Eulalia,2453
Trilby,12
Briar,330
Liza,11580
Chantelle,4471
Yazmin,6210
Juliette,20092
Deasia,1138
Meghan,92933
Shaniya,4923
Harper,47588
Marianne,61543
Johanna,48895
Corliss,1504
Fronia,14
Mina,9466
Jeanine,21978
Trudie,591
Brook,7545
Aili,42
Dorine,710
Betty,994572
Merrie,415
Sharita,482
Patricia,1570896
Kenna,4924
Ester,10536
Mavis,16996
Emerie,914
Zelpha,82
Lynn,179052
Concha,564
Taniya,3127
Selene,868
Kiley,17667
Renada,240
Vinie,12
Victoria,470466
Yaritza,4892
Sanaa,3364
Sadie,108043
Eryn,1999
Valinda,136
Sydnee,5851
Idell,2552
Romina,321
Cherryl,306
Olive,46808
Shanita,1358
Eura,476
Shawna,43616
Luvinia,15
Eveline,988
Khaleesi,710
Sabrina,134290
Tinnie,63
Rafaela,42
Terese,3681
Ilo,28
Tawanda,2591
Bennie,8638
Mercy,846
Guadalupe,63910
Daneen,132
Kenley,4045
Keli,1229
Eathel,64
Myrtis,5095
Crysta,195
Vernelle,69
Olympia,274
Honora,73
Jami,19817
Candy,25252
Desiree,80803
Emerald,2716
Rosalinda,10526
Roseanna,1003
Janene,501
David,10969
Jazmine,33978
Elmina,23
Reilly,2526
Sherryl,3168
Cleora,835
Jessa,1148
Taina,248
Brandie,14151
Dell,305
Amara,7524
Alesha,5106
Ellar,43
Jeanette,160147
Dione,568
Letitia,9749
Venita,3411
Elaina,18574
Katelynn,29080
Jailene,1573
Catharine,9492
Jordan,127682
Crista,754
Makenna,25245
Daija,1433
Karli,7933
Shawnee,228
Keyla,4537
Tamie,1798
Veda,7126
Larae,49
Theta,20
Jenilee,192
Edie,1117
Kelley,44135
Exie,1146
Jesica,2144
Joye,887
Madilyn,13631
Hildegarde,1567
Penelope,43304
Vella,469
Alina,24510
Evelina,222
Claudette,16756
Jimena,9862
Sheri,59139
Toshiko,112
Dessie,9182
Trish,687
Golda,4103
Alverda,90
Lakeisha,11371
Beadie,16
Nikita,7057
Leonor,1622
Graciela,12665
Mellisa,2486
Genevieve,106265
Betsey,72
Reanna,1524
Vicie,40
Lesley,32053
Sarita,442
Luz,23405
Virginia,644208
Maryam,4138
Krissy,540
Brooke,184277
Shardae,200
Marge,2784
Sherri,82332
Cuba,43
Alexandra,224965
Janyce,419
Shelva,616
Mona,41304
Jeanna,6421
Tenisha,1568
Elyse,15049
Adilynn,346
Adelina,4732
Rashida,1197
Rona,3045
Lorie,19906
Kanisha,482
Ethelene,411
Shani,1155
Mandy,38886
Shanequa,516
Blanchie,23
Anastasia,37626
Taliyah,5684
Amalia,3379
Angelic,658
Claudia,124950
Jocelynn,2980
Meg,1643
Shyann,4433
Shawnna,144
Ariadne,716
Florence,314825
Chandler,5041
Nevaeh,68636
Abigayle,3512
Maritza,21121
Skye,15647
Ragna,25
Phillis,925
Faye,63476
Zadie,183
Helaine,65
Nicolette,11930
Melissa,749858
Shaina,8844
Rene,18503
Drucilla,719
Liana,11468
Callie,50900
Kourtney,10986
Loni,1354
Yasmin,17009
Rebekah,71048
Karyme,251
Skylar,51966
Dorcas,3938
Gertie,7038
Gwendolyn,116079
Paul,2053
Deanne,13287
Patty,60417
Margarett,3595
Theodora,6217
Chastity,7470
Zora,4165
Gabrielle,128614
Norene,3630
Manilla,35
Yamilet,1706
Hunter,8900
Milissa,1097
Marina,34355
Cecil,6484
Cami,638
Matie,152
Vernetta,50
Sofie,253
Meilani,284
Kasie,1356
Shelley,70697
Mattie,118262
Jocelyn,99543
Adalyn,12434
Cody,2658
Della,58678
Bella,46514
Christine,582540
Annamarie,4535
Willa,21827
Aspen,11274
Aubree,29143
Clarence,26
Phebe,223
Deena,10686
Mathilda,4649
Carson,3585
Cordelia,5506
Tatiana,31212
Aline,11059
Kairi,1801
Rolanda,956
Cindy,255072
Layla,66360
Imogene,26035
Maribel,21790
Juana,14163
Rutha,1250
Jaimie,7102
Aryanna,6920
Tori,34193
Arleth,314
Tiera,2151
Ieshia,293
Lorinda,2224
Candice,65234
Michele,221011
Birtha,711
Sada,19
Maude,32653
Elmyra,12
Justina,6927
Jorja,267
Jaylen,1491
Amiyah,8993
Daryl,1661
Aleah,10401
Sabina,1381
Alyson,26532
Ottilie,180
Serena,37166
Trinity,69946
Izabella,21378
Cailyn,2259
Lissa,355
Miriam,105302
Sarahi,4165
Patrica,7519
Jessie,156902
Shane,581
Gracie,66671
Earlene,13104
Evelin,3130
Jamie,266096
Taraji,1387
Jenifer,23581
Winter,2277
Deeann,752
Jalisa,3804
Elba,30
Selina,14181
Cannie,11
Stephanie,736709
Kamora,288
Alexandria,92521
Lilian,11702
Nelda,18648
Casandra,13342
Arden,509
Precious,15900
Etna,66
Justine,36499
Irine,326
Karyn,11541
Jaden,12220
Lucile,32474
Eddie,14038
Brea,725
Nichole,61200
Tatyanna,218
Alleen,12
Astrid,2120
Marie,526635
Micaela,8373
Julissa,20935
Neriah,843
Birdie,9646
Eugenie,874
Alissa,36347
Tawnya,3010
Jana,40919
Eva,245458
Katherine,621944
Eldora,3227
Theo,2103
Melvin,62
Laverna,2441
Velia,135
Herlinda,978
Verdell,174
Annemarie,6541
Lexie,11346
Lyra,272
Eloisa,2329
Winnie,18233
Ebba,257
Tammy,329234
Shanon,2915
Adele,34060
Hailie,3354
Lashanda,3403
Celestine,7519
Isadora,24
Allena,10
Carisa,1039
Kylah,1898
Gaylene,118
Vicki,151146
Montana,4994
Arlyne,67
Constance,135694
Adelle,1745
Cherry,8425
Davina,3054
Abigail,332381
Verlene,392
Kassandra,29635
Lolita,5558
Carla,147318
Sherree,429
Makayla,96900
Sandy,66363
Meaghan,12193
Dalilah,503
Stefani,2660
Aitana,298
Kloe,529
Sarrah,11
Allean,172
Julia,439696
Rilla,729
Virgil,137
Bessie,152744
Tatum,15838
Evelyn,540267
Dedra,2348
Pansy,9362
Laurene,1682
Kya,2031
Chanelle,1186
Tennille,1335
Felisha,3661
Alayna,22048
May,37007
Dillie,84
Ronda,33005
Nannette,4330
Caitlin,109934
Ella,266101
Era,4045
Raina,6443
Shawnte,207
Allyssa,4321
Lelah,500
Amira,9160
Tula,49
Janis,46720
Noelia,2437
Melodee,101
Evelynn,3719
Rossie,501
Joretta,332
Claude,51
Kristina,134617
Laisha,775
Clemence,24
Neva,17270
Cathey,1192
Emeline,386
Addisyn,6551
Gay,17402
Delsie,59
Pattie,8494
Tabatha,17844
Meghann,2430
Deborah,739501
Rylee,42055
Susann,1099
George,7359
Dellar,63
Calla,43
Tarsha,1230
Johnna,5892
Chelsey,28846
Metta,180
Deidra,8230
Marilyn,369006
Antonina,140
Daniel,3864
Brooklyn,85274
Rhiannon,12372
Mallie,1161
Myrtice,3520
Anaya,9437
Anabelle,5616
Cielo,503
Glennie,473
Vernia,15
Permelia,13
Marley,18948
Cathleen,27453
Audry,1092
Joell,237
Signe,803
Buelah,270
Alessandra,14921
Angelita,8382
Shaniece,208
Delinda,231
Celina,9105
Hayleigh,1952
Brianne,18466
Pamela,592691
Latifah,551
Stephany,10380
Katelyn,128884
Pam,32568
Savana,2745
Shelia,45806
Kimberly,830784
Juliann,3110
Sable,180
Madelyn,77734
Bridgett,10451
Olene,297
Belia,51
Melissia,121
Joycelyn,2430
Felecia,8272
Tanya,114777
Martika,480
Cheryle,4509
Corrina,933
Eulalie,70
