Name, Count
Rollie,1785
Hassan,8416
Rashawn,3931
Kaye,154
Jonathon,63822
Dameon,1054
Fritz,4316
Andres,78455
Tavian,169
Colvin,6
Luster,55
Ruth,1973
Orla,18
Elihu,6
Richmond,1262
Jerod,4623
Raul,82765
Jory,925
Green,565
Colten,13018
Diamond,6
Cordell,7202
Hamza,5198
Brennen,7447
Alexande,301
Brayden,102318
Sage,7939
Kinte,104
Campbell,368
Erastus,25
Hendrix,1960
Ronny,11951
Bluford,6
Adelard,21
Cayson,1491
Ashton,60392
Kennedy,3133
Westley,2280
Winfield,3566
Ike,3701
Christ,1126
Crosby,1953
Dorian,18233
Curley,592
Clovis,1694
Isidore,2362
Denny,12763
Giles,2533
Byron,78588
Wallace,77778
Luigi,291
Gregg,35012
Ryley,633
Steve,239192
Lawrance,532
Silvio,968
Lewis,145291
Hobert,4704
Jere,3216
Ryland,5938
Jarad,707
Geo,260
Legend,2339
Brenton,12336
Doss,10
Littleton,8
Ahmad,15465
Duard,8
Drew,71784
Jack,665495
Cicero,212
Scotty,16702
Gray,16
Chester,115993
Herb,774
Bret,28279
Bertram,6803
Haden,1421
Aydan,4338
Miller,2920
Boysie,6
Pink,259
Florentino,106
Rosendo,891
Linn,6
Tad,4932
Cass,13
Kyler,26407
Codi,594
Orrin,2409
Ethen,1612
Gilbert,127457
Douglas,556138
Kylen,419
Bronson,6506
Markus,12575
Vick,6
Horatio,21
German,6879
Demarion,1731
Jarrad,264
Wayde,540
Gustaf,70
Baker,6
Harlow,125
Floyd,149343
Roscoe,18572
Arlin,1971
Thedore,42
Stevie,10417
Wylie,1868
Keandre,295
Holland,45
Hudson,40065
Elwyn,2287
Huy,82
Golden,761
Susan,1705
Konner,3076
Dominque,1217
Verlin,2784
Buddy,21032
Con,6
Teddie,8
Winthrop,80
Aloysius,4043
Levie,10
Canaan,283
Ryder,33841
Darby,627
Mauricio,18982
Burl,6134
Willam,1750
Reubin,15
Rayan,2977
Kye,209
Polk,7
Palmer,4126
Pierce,12828
Maximilian,12346
Jovany,2120
Benton,4799
Yancy,403
Keshawn,4239
Damarion,3125
Ennis,1021
Lew,93
Dalvin,583
Roland,95616
Tarik,1236
Kristian,17679
Ewell,936
Kiel,1256
Devan,11776
Dakota,82842
Cameron,258925
Mervin,9189
Clare,2185
Theophile,8
Eston,26
Vern,10422
Whitney,3561
Simeon,2994
Isai,4053
Gideon,8526
Ryan,908412
Catherine,25
Ida,123
Conner,49263
Mabel,131
Musa,227
Jaxon,54577
Vincenzo,3625
Tory,4903
Dallin,2576
Ivor,7
Jermaine,40069
Jessy,2124
Hosteen,20
Kellen,13830
Norwood,1856
Josh,13553
Jahir,215
Ronin,2953
Everet,14
Lawerence,3790
Jered,2325
Taylor,108354
Raiden,3922
Coleman,14645
Darrian,1093
Aloys,7
Kendall,33200
Babyboy,267
Gerhard,663
Ezequiel,10630
Channing,3303
Press,23
Jakob,28443
Michale,1523
Juan,337937
Curtiss,3367
Lon,8379
Laura,241
Emil,27083
Admiral,56
Cullen,11098
Martin,300012
Zaire,3524
Lillard,8
Daulton,307
Gaylen,624
Gunner,12924
Deonte,5686
Seneca,660
Tevin,8726
Thelma,111
Newton,5786
Allie,1689
Horton,7
Art,4244
Colton,104941
Jermey,1431
Colonel,100
Jaymes,484
Burrell,77
Danny,281279
Cornelious,73
Zachery,27972
Adolphus,2475
Nick,47692
Ronaldo,2693
Erie,147
Rayden,1829
Irving,40723
Hallie,236
Almon,308
Virgie,11
Rodrigo,21008
Tristin,8120
Holly,16
Davon,11531
Kiara,114
Mikal,423
Hilary,326
Orie,160
Adrain,1605
Louie,24712
Clemon,13
Alwin,6
Yandel,2459
Dave,60352
Pate,7
Larry,804264
Madison,4646
Dejuan,3334
Luke,241882
Finnley,581
Jon,164931
Barnard,5
Kayson,3211
Darold,3034
Arba,8
Laron,2368
King,16093
Noble,5156
Cristian,58676
Benito,11520
Jereme,1295
Zachariah,25013
Fate,152
Deshawn,14341
Josue,44177
Maynard,13412
Erle,13
Werner,1849
Raymundo,6568
Jimmie,109979
Quentin,38835
Keifer,131
Zigmund,205
Vicente,17875
Emanuel,47351
Kamren,1338
Devyn,4916
Braulio,649
Waverly,60
Edna,235
Jiles,8
Jabbar,77
Von,2452
Franco,3321
Oswaldo,2154
Lochlan,714
Rahul,1192
Jarred,11891
Manson,8
Esley,6
Blake,165834
Odell,13024
Hezzie,7
Dink,6
Durrell,274
Gustav,1861
Keanu,2632
Gayle,4246
Gilmore,32
Colt,12843
Rogelio,23305
Theodore,223498
Bode,1079
Ewing,68
Connie,6136
Colby,48438
Merrill,11617
Marco,66836
Skyler,36447
Moshe,10999
Alferd,11
Buell,19
Addie,101
Ishaan,2041
Kirk,65082
Chance,43451
Marion,67638
Pleas,71
Niles,257
Russel,14838
Osborne,124
Hillary,9
Jensen,4064
Rodrick,6555
Jayvion,1261
Ceasar,8
Kyron,494
Kurt,83235
Merlin,12541
Xavi,990
Vester,1530
Rahsaan,635
Beulah,6
Castiel,736
Henery,667
Edmon,24
Oren,4233
Jorge,125734
Ada,46
Unnamed,120
Montgomery,507
Camille,58
Edison,4978
Shade,13
Stevan,1356
Dash,531
Chace,2463
Handy,10
Bert,29762
Beatrice,80
Salvador,45738
Fredric,7040
Orris,26
Nikhil,2603
Chaim,7310
Regan,607
Johnathan,90133
Gust,529
Jerad,2678
Gaylord,5273
Callum,2204
Garry,45505
Doyle,29001
Edith,113
Burnell,1234
Lindell,637
Mcarthur,1040
Luciano,6017
Erby,8
Greyson,20269
Brant,6962
Keith,433258
Alex,262998
Orion,10381
Seymour,12205
Leonel,15967
Deion,2749
Miner,14
Conley,684
Brandon,745520
Kelan,201
Kameron,28016
Asa,13393
Wilfred,27371
Arian,1795
Mitch,3206
West,276
Milton,113785
Eleanor,9
Hosea,2041
Fletcher,10140
Kirby,12741
Monte,19190
Jadon,8479
Jan,19295
Amin,87
Levon,677
Vera,8
Armando,70823
Rolland,8304
Lincoln,40991
Hebert,7
Eliga,51
Burr,45
Hal,15019
Adrian,218421
Kavon,321
Tyrek,662
Ott,6
Dwaine,3008
Tre,4042
Terrance,67479
Kendal,776
Victor,309298
Schuyler,1023
Othel,11
Charls,6
Braylen,7136
Bedford,26
Mortimer,1227
Jaylon,8117
Kerry,47953
Damari,1727
Harm,9
Pablo,42433
Parker,90254
Wilbert,37862
Amerigo,13
Earlie,893
Hymen,27
Marley,1572
Eli,100663
Santiago,48881
Darcy,868
Burton,20645
Vince,7548
Pascal,21
Lisa,1868
Estel,1600
Valentine,3941
Harlen,630
Yosef,4310
Markel,1121
Declan,24031
Grey,671
Cheyenne,190
Brenden,23865
Linden,146
Omar,91474
Rutherford,23
Graeme,397
Alford,3618
Kanye,709
Dorothy,3132
Samantha,120
Koby,2594
Justen,2266
Boyd,24535
Park,122
Long,298
Parley,7
Ethel,446
Oscar,188537
Stan,7080
Adams,7
Hakim,90
Julien,7966
Olie,28
Arlen,4400
Laquan,624
Gregory,704936
Mariano,3707
Cyrus,19081
Rickey,59244
Burnett,40
Gale,11631
Donat,6
Clara,199
Fulton,150
Efrain,16249
Avon,6
Chin,11
Guy,85293
Rudolf,1028
Lindbergh,187
Gerald,446418
Hoke,66
Wheeler,98
Carmen,14548
Roy,396651
Esteban,27622
Jevon,2140
Sammy,41012
Trent,48538
Woodson,16
Leona,20
Erling,251
Elwood,18925
Yael,1596
Karim,360
Jamari,9528
Prentice,338
Courtland,123
Rayshawn,461
Linwood,11483
Ayan,207
Adelbert,1200
Samuel,719686
Foy,849
Gaylon,2034
Brooks,21553
Rosevelt,2453
Armani,7839
Dedrick,1623
Landen,21116
Alphonsus,31
Alba,7
Atlas,1298
Reginald,109203
Jeramiah,2179
Clark,42344
Noah,336604
Payton,21551
Mel,2329
Kent,66279
Jovanny,1820
Iver,30
Johnson,2306
Noel,44433
Buster,6733
Horacio,75
Cornelius,33432
Spenser,1930
Joesph,13509
Damarcus,125
Ashby,34
Arturo,52255
Vernell,705
Eben,26
Viola,18
Scott,769400
Ephraim,840
Virgle,1301
Semaj,4225
Claire,1367
Karl,97958
Corbett,101
Ervin,35457
Babe,6
Lonnie,90945
Raynard,830
Christina,477
Bob,91304
Marcellus,2248
Brendan,87355
Elsie,197
Jerrad,194
Harden,81
Randle,895
Fisher,2648
Jayvon,590
Rufus,33329
Jeffery,227779
Trinidad,1933
Erick,66975
Myrl,60
Jonael,232
Hector,99235
Rob,7009
Kelly,79598
Rhoda,7
Cain,2305
Abdul,2483
Shan,132
Kieth,626
Darryle,462
Marshall,87659
Leif,3160
Alger,17
Konnor,3237
Dempsey,1121
Sammie,19130
Isom,241
Ottis,3300
Leighton,1247
Dereck,3015
Glendon,2640
Shellie,31
Jake,117607
Demetri,484
Aryan,4477
Donavon,932
Alijah,6950
Clyde,136593
Collin,72400
Vergil,622
Mathews,7
Beckham,3637
Gail,8291
Louis,384115
Albion,12
Alice,560
Coolidge,159
Lenny,4222
Jaydin,1861
Andra,1250
Aric,5588
Ismael,33109
Josephine,86
Diane,62
Donovan,53259
Minnie,175
Steward,16
Doug,21681
Lonzo,2093
Waldo,4005
Dennie,2192
Tyrin,138
Hugo,29607
Irven,24
Aarav,3363
Will,37653
Solon,17
Kristin,305
Bruce,380336
Weaver,29
Keagan,6405
Lyman,7066
Osbaldo,161
Isiah,21859
Wilhelm,8
Darrion,1977
Michial,110
Jayceon,5222
William,3986765
Gerardo,49093
Ari,11574
Britton,1477
Tylor,6402
Shaun,68433
Jesse,406062
Garey,270
Harl,6
Amir,24483
Ardell,949
Delos,83
Leroy,196207
Metro,48
Kadin,3763
Jewel,3825
Alexander,632917
Ira,47715
Billy,381763
Kenny,49725
Lloyd,156885
Irl,49
Adron,14
Orvil,1097
Kenton,7207
Dwyane,59
Caroline,5
Essie,184
Yurem,402
Dallas,57599
Wilfrid,432
Tyrus,64
Deshaun,3416
Jaren,2437
Devin,147567
Ricki,1131
Napoleon,5563
Terell,182
Gladstone,7
Jade,3744
Nathanael,17968
Federico,5087
Arlington,82
Selmer,140
Kasey,10165
Jerry,609933
Syed,1732
Maxx,624
Reyes,665
Kolby,9512
Gerrit,133
Maggie,35
Murl,734
Esther,97
Stacey,12399
Sherwin,681
Rupert,3796
Estill,47
Birt,19
Lashawn,816
Patric,224
Codie,1246
Jerel,1594
Tyreese,169
Oneal,1021
Beverly,3839
Antoine,24482
Ethan,385707
Branson,4175
Felix,64565
Giovanny,4606
Alva,9530
Lathan,417
Carleton,3394
Rebecca,70
Carlo,13190
Tim,80572
Quinton,27319
Blaise,3884
Rickie,14693
Allyn,927
Seaborn,15
Ogden,9
Otto,25193
Johnie,19466
Kingston,16887
Charlton,285
Stewart,29186
Marquise,8285
Dandre,5170
Delwin,43
Sheldon,34861
Tristan,101529
Aleck,5
Kolton,10666
Burke,115
Josephus,14
Wilbur,54379
Santana,927
Pernell,891
Rose,553
Rolando,22229
Madden,3740
Alexzander,4877
Lula,33
Lenon,7
Nathaniel,256305
Edward,1260751
Deon,12800
Roel,692
Harvie,296
Reynolds,14
Ayden,60413
Lorenza,1428
Murry,1725
Alphonso,13539
Kaden,54625
Axel,28546
Riaan,229
Hattie,84
Julio,58473
Emory,12609
Jeffie,6
Enrico,853
Theodis,119
Hilliard,460
Enzo,6788
Homer,57226
Bodie,427
Karsen,200
Wesley,204168
Odie,1034
Constantine,2040
Isaak,1524
Magnus,684
Vincent,329627
Emmett,44985
Obie,2592
Akeem,3845
Leopoldo,1444
Corry,324
Galen,14523
Freddie,70959
Eusebio,47
Tommie,32214
Chase,149521
Rodolfo,32119
Daunte,159
Laurie,65
Lucille,46
Santos,16139
Orville,33308
Torey,742
Jacoby,8416
Lillian,322
Sherwood,4444
Roddy,755
Lindsay,2989
Lauren,3839
Walker,19752
Clearence,257
Sal,1602
Rae,8
Joy,662
Mace,10
Ares,862
Olin,6431
Alan,341538
Jasiah,3303
Estevan,5622
Lamont,21310
Fleming,52
Spurgeon,149
Nehemiah,11272
Edd,4195
Loney,8
Olaf,784
Jacques,6240
Yoshio,622
Nathan,525945
Meyer,2951
Hughie,216
Lamonte,527
Darrius,5394
Lamarcus,252
Marcello,341
Whit,16
Cletus,6342
Odin,3074
Randy,326242
Jabari,6585
Dimitri,4651
Slade,886
Ben,78570
Antone,2765
Leamon,1275
Olive,13
Donavan,5614
Rubin,4741
Lexie,6
Garold,1729
Asberry,8
Maury,444
Rodger,20043
Jared,196989
Ricardo,136201
Marshal,348
Lois,1964
Bertrand,2405
Urijah,2587
Elian,4333
Gearld,3370
Baylor,498
Allan,93328
Kymani,2131
Dejon,242
Stanford,6213
Nico,8755
Andreas,5150
Alfredo,53157
Collins,243
Zayn,907
Javier,92500
Hiram,9932
Nathanial,8369
Ewald,341
Clarke,556
Minoru,192
Akira,54
Clifton,67249
Danial,6812
Julious,44
Dewayne,23782
Jewell,3406
Archer,5477
Clifford,183773
Gustave,3411
Elisha,10928
Ola,41
Nancy,1193
Bobby,312505
Vaughn,19421
Orval,7171
Trevon,12367
Jonah,55770
Dylon,3110
Luc,172
Hasan,83
Zed,7
Esau,25
Mathias,4424
Tracey,6640
Hazel,1863
Virgel,8
Beckett,9349
Milburn,1159
Clive,182
Kendrick,25422
Milo,15783
Armond,1227
Santino,4600
Zack,2741
Alphons,5
Weldon,12167
Darian,13973
Garrison,5161
Meredith,3196
Hampton,643
Elzy,13
Al,15400
Callan,1530
Ferman,6
Darryll,180
Barnie,21
Thompson,23
Malakai,5172
Marcel,16571
Llewellyn,1451
Sigmund,1622
Halbert,9
Kathryn,7
Harper,3249
Granville,4109
Henry,634014
Nicolas,81248
Najee,1314
Hilton,5105
Jaron,9722
Ples,24
Fitzgerald,183
Matias,4431
Mack,33896
Macarthur,202
Deegan,1320
Sandra,1135
Garret,10979
Henderson,1772
Dwane,1041
Arley,872
Maximus,19693
Ozell,42
Yee,21
Vance,24294
Broderick,6864
Alston,7
Rolla,221
Newell,2255
Danniel,50
Tolbert,16
Brion,570
Dondre,607
Anna,673
Susie,7
Tyson,39006
Booker,9430
Benedict,5276
Ralph,406995
Erik,149460
Oddie,7
Jamal,30400
Halley,12
Clement,11415
Delphin,13
Kadyn,1354
Joyce,1764
Desean,374
Gary,898988
Lyn,170
Almus,5
Pauline,30
Francis,280638
Norris,14525
Jaycob,1318
Houston,13335
Ozie,43
Raven,1007
Elmo,9010
Chauncy,6
Ernesto,41659
Egbert,80
Davonta,134
Dexter,31266
Kermit,15622
Thomas,2266614
Reed,28094
Carlyle,2124
Israel,56035
Judah,13468
Cheryl,60
Kieran,9383
Aedan,1527
Octavio,7730
Ibrahim,8812
Darvin,726
Kamron,4906
Randall,196572
Gage,53681
Jaden,68590
Austen,5445
Kelvin,48393
Hale,7
Geary,1305
Dana,51690
Casimir,3270
Bill,157854
Clell,36
Jael,201
Waymon,3410
Deforest,12
Berkley,5
Tyree,11793
Shamar,3253
Boyce,4190
Arman,145
Hill,18
Tyrese,7054
Antony,8182
Kendell,453
Jordy,2936
Dixie,7
Jamaal,6086
Quincy,22140
Travis,298704
Tatsuo,57
Jovani,4563
Abe,6439
Shiloh,243
Vernon,143061
Stuart,66821
Marland,56
Robb,2015
Antonio,240091
Merle,28961
Gaetano,1166
Elroy,6119
Alvin,156301
Jagger,3699
Reinaldo,1346
Sedrick,1142
Jameson,23366
Normand,4944
Brodie,6469
Jeromy,3855
Dilan,1240
Ester,43
Arnulfo,2522
Corbin,29358
Elton,18486
Amos,30388
Bryce,106747
Roswell,147
Mike,202991
Rosa,7
Ivey,90
Therman,49
Herman,130084
Kordell,433
Tripp,2785
Trayvon,485
Anthony,1412241
Kody,21015
Jaydan,914
Annie,736
Godfrey,846
Pearlie,40
Lorin,3059
Alberto,58813
Arlan,1344
Kaiden,28257
Verlon,138
Lupe,4783
Ovid,17
Colter,118
Quint,143
Joaquin,25090
Cleon,1102
Bethel,14
Clayton,126112
Genaro,3241
Starling,20
Layton,4893
Calvin,193408
Amare,4345
Brien,1521
Edgar,146132
Thornton,1189
Tyrell,13860
Flynn,1664
Soren,4078
Jair,3922
Kenneth,1268558
Shad,3121
Milan,4556
Emmit,1368
Opal,82
Lance,101691
Tomas,26918
Dolores,421
Rowan,13306
Terrell,34022
Javonte,1568
Nicklaus,963
Frank,877444
Dustan,171
Verl,1677
Kennth,675
August,36951
Reynaldo,18146
Arthur,508220
Lizzie,6
Timmy,23647
Dashawn,6749
Shyheim,168
Dedric,692
Boss,71
Clide,6
Harvy,22
Camryn,2039
Charlie,157394
Alessandro,5499
Lucas,212543
Cristopher,9962
Franz,127
Raleigh,5441
Pranav,2113
Leonard,287945
Marlon,27770
Christion,139
Aaron,559933
Council,7
Ferrell,180
Carter,128921
Landon,136730
Emilio,35995
Harlie,13
Brandy,613
Waylon,14455
Thad,6241
Tallie,10
Kamari,4754
Valentino,2745
Kyrie,2255
Joshua,1184257
Sanford,13662
Noe,19305
Shaquan,837
Gael,16860
Bruno,12944
Dario,6751
Dudley,10444
Ole,363
Roger,438021
Maxton,1293
Adriel,6740
Lucy,31
Stone,3110
Gerold,1590
Lora,9
Liam,154946
Cedric,39351
Nickolas,37384
Kem,65
Yair,2309
Squire,26
Nicky,5770
Jose,549757
Alec,49950
Neal,52057
Gabe,57
Vihaan,1911
Torrey,3368
Killian,4057
Brantley,13773
Gerhardt,45
Murphy,2982
Mat,66
Arch,682
Winifred,47
Ronan,7435
Titan,1122
Maximiliano,10010
Dalton,78039
Elden,3919
Einar,382
Lindy,607
Tyrique,580
Mae,62
Gottlieb,32
Xzavier,5475
Shawn,299935
Dakotah,1357
Darin,30935
Kyle,473776
Ivan,123806
Aditya,3192
Neil,101068
Wendel,45
Paris,5507
Jayme,1550
Duke,3193
Joshuah,194
Kylan,4711
Elvin,17314
Hollie,92
Archie,46030
Myron,42130
Wilburn,9299
Ann,12
Ezzard,202
Austin,396565
Anwar,687
Holden,18046
Stefan,17843
Brandyn,2884
Marian,52
Rexford,417
Silvester,12
Iker,8263
Watson,1390
Nolen,7
Yadiel,1312
Kenya,929
Michel,7969
Marcos,46201
Raquan,157
Davonte,2551
Wess,7
Auther,1161
Seth,157960
Brennon,1066
Yusuf,4111
Less,23
Jacob,887866
Turner,4703
Kashton,220
Newt,75
Kane,9104
Quintin,13115
Lenard,8408
Patsy,6961
Brice,13347
Olen,5635
Jax,9810
Brannon,2273
Algot,5
Iva,16
Herbert,221936
Romie,80
Edgardo,3390
Ernest,293676
Ellery,89
Eugenio,444
Talan,2743
Harding,618
Thurman,14796
Shelly,116
Saverio,32
Winton,462
Axl,576
Laverne,12345
Berry,4367
Loy,3052
Mauro,68
Lavon,597
Verlyn,336
Fayette,13
Wardell,2648
Triston,9905
Izayah,1826
Reagan,4156
Fern,26
Bascom,64
London,5713
Stacy,20139
Felton,5207
Elza,1081
Rayford,4456
Taurean,972
Rashaad,600
Porter,12146
Hunter,213782
Gifford,42
Gonzalo,7600
Morton,11214
Lemuel,6553
Leon,160691
Terrence,70315
Donnie,57772
Gene,124431
Hyman,5040
Zaid,1880
Grafton,7
Norbert,19099
Karen,1291
Dontae,3242
Alma,513
Bernard,195815
Dannie,7065
Leopold,996
Gilberto,26631
Rowen,1585
Beau,29777
Jonas,21871
Wilford,9185
Byrd,46
Pershing,451
Ean,3638
Roberto,106062
Maximo,3048
Lum,77
Amari,13626
Davy,405
Fay,3432
Ahmed,11997
Barton,7968
Augustine,8639
Orange,51
Kelby,1136
Isham,51
Zain,3993
Emerson,19319
Telly,913
Shelby,14850
Jackie,76531
Khalid,2457
Washington,729
Robbie,18336
Robert,4778993
Woodrow,36721
Armstead,20
Rafael,74717
Bynum,6
Heyward,56
Cal,575
Adrien,4402
Bart,14967
Cordero,891
Claud,9317
Conard,6
Arthor,6
Dickie,3684
Daquan,6006
Lucious,2902
True,7
Aidan,103649
Laddie,47
Regis,3315
Champ,40
Rusty,16010
Ellen,6
Nolan,82976
Bridger,1985
Maksim,204
Welton,631
Armin,151
Mohammad,12065
Rayburn,867
Andrea,4070
Marc,137791
Talon,9071
Orin,2646
Jajuan,132
Hamp,143
Hilario,224
Cam,7
Harland,3912
Erin,7170
Rico,5867
Brent,137858
Arvid,2278
Jason,1019432
Arnav,2558
Donna,833
Love,47
Memphis,3421
Jackson,206777
Clinton,95192
Joseluis,95
Duwayne,2372
Vernie,1437
Doc,162
Donato,130
Leland,50241
Banks,5
Keven,7227
Murray,19791
Dayton,11703
Melissa,1638
Maximillian,2742
Margarito,2146
Willaim,7
Brett,156548
Mackenzie,6013
Nunzio,733
Tyreke,220
Mitchel,11545
Kip,6159
Armand,12640
Manley,767
Cesar,68613
Albert,471806
Lydell,158
Reece,14107
Mohamed,13017
Elvie,16
Melbourne,26
Caleb,259576
Morris,67046
Roderic,182
Wayne,351098
Irvine,16
Manuel,179750
Jaquan,8485
Braiden,5894
Marquis,22071
Dolph,6
Maison,966
Miguel,169657
Kareem,14197
Braxton,37086
Milford,7282
Landyn,7433
Justyn,2086
Hurbert,13
Ali,22964
Terence,31430
Shea,5732
Hardin,130
Karter,9297
Samie,9
Kerwin,427
Devante,6547
Mikeal,60
Dino,5806
Cristofer,1747
Malaki,2288
Rosario,2507
Dewitt,5672
Geoffrey,52111
Niko,5348
Dwain,6136
Dimitrios,73
Pasquale,8370
Sie,6
Carl,496612
Abb,11
Gil,2050
Job,6
Darnell,26408
Myer,283
Antione,2797
Keenan,15810
Dillard,2529
Jeb,167
Jaylin,8596
Brenda,256
Bradley,300383
Kelsey,3415
Gaston,1440
Kwame,1201
Ryker,14985
Dock,3772
Nixon,2050
Rodney,244521
Waldemar,277
Coy,12988
Eula,15
Jarod,10720
Lyric,2208
Jadiel,2638
Travon,4756
Demetrius,33085
Antonia,1116
Mansfield,19
Ellison,29
Keyon,2864
Davante,289
Bryant,48531
Jerold,6002
Wilder,214
Nery,222
Jimmy,284978
Emmons,6
Diego,96298
Roosevelt,35937
Myrtle,85
Diallo,76
Keegan,31046
Simon,54880
Mikel,8581
Nikolai,3400
Aldo,14048
Arsenio,709
Nikko,667
Kenji,212
Haywood,5166
Crew,1530
Cory,124638
Illya,133
Barry,178049
Nigel,9828
Delvin,806
Brandt,1213
Khalil,14414
Hjalmer,14
Alejandro,126845
Kellan,5484
Jaret,724
Derl,58
Huston,571
Blas,12
Audy,6
Levi,122122
Samson,5341
Theadore,2848
Lukas,27999
Harmon,4796
Ellie,136
Casen,2217
Cato,8
Steven,1275725
Landry,1697
Hester,15
Trumaine,86
Buford,9821
Delmas,745
Marlyn,1160
Roman,56345
Jesus,219725
Phil,18465
Paulo,392
Aiden,171105
Ollie,13560
Jessica,2581
Raymond,766137
French,80
Demetric,76
Irvin,37438
Corey,179509
Scot,12473
Jay,186092
Webster,2492
Cynthia,513
Xander,20276
Rishi,777
Taurus,602
Octave,28
Clemmie,7
Douglass,3832
Collie,93
Leigh,3011
Ricci,94
Urban,1673
Caesar,395
Tom,133102
Jasen,2337
Durell,331
Branden,26195
Tavion,342
Tanner,87451
Dessie,6
Essex,8
Ashley,13504
Kyree,1853
Brittany,428
Auston,972
Arnoldo,616
Toriano,292
Bjorn,162
Kelton,2782
Infant,3298
Alden,12347
Knox,5922
Chadwick,11222
Buck,3702
Woodroe,353
Gannon,2594
Lyndon,4239
Rachel,189
Osie,42
Mason,241788
Camden,35163
Yoel,316
Kenney,442
Ellis,38472
Damion,15224
Avery,49084
Darrien,847
Lorenzo,59589
Azariah,886
Braedon,2536
Treyvon,1143
Johathan,815
Domenic,7554
Debra,546
Willis,48544
Darrin,27933
Michal,509
Jettie,7
Nakia,1235
Jeramie,2440
Carmel,49
Artis,3518
Lucky,48
Fredrick,61477
Dusty,8521
Emma,209
Delbert,45081
Ezra,35530
Darien,8078
Bobbie,17220
Kason,6515
Matthias,3998
Elder,82
Humberto,14647
Burdette,753
Betty,2714
Mayo,57
Jeremy,429605
Tina,57
Rory,24022
Kiley,151
Kenyatta,1533
Efrem,392
Tye,365
Devon,67799
Rigoberto,8973
Jayson,29914
Stanislaus,116
Nello,131
Bradyn,3192
Keon,6743
Arno,249
Tal,86
Jeremie,2797
Alf,181
Jaxton,3438
Sharon,1118
Micah,82034
Levar,1047
Ariel,15980
Jaxson,30912
Kennith,8602
Neymar,1508
Johan,7922
Enos,935
Misael,6511
Brock,38750
Koda,181
Jakobe,1846
Edmund,47327
Ramsey,1454
Jaime,65691
Garnett,2503
Jerrell,3537
Stephan,24259
Brantlee,807
Moody,34
Trinity,697
Justin,766240
Sonny,15562
Ottie,14
Sean,413108
Aidyn,2561
Kamdyn,964
Mychal,675
Derwin,1787
Dann,259
Hazen,33
Alexandro,3676
Allison,1461
Huxley,214
Mordechai,369
Arther,4053
Tayler,937
Judd,1751
Aarush,438
Louise,911
Alvis,3799
Courtney,19748
Mikhail,217
Andre,118439
Kimberly,2999
Christoper,1404
Arnie,118
Eber,16
Ernst,486
Dustin,202761
Walter,600025
Woody,2124
Messiah,6646
Augustus,13075
Guilford,8
Cora,48
Finley,5181
Draven,5665
Jerrel,85
Alfonso,39000
Dijon,132
Buddie,314
Claudius,14
Jennie,49
Elizabeth,2371
Robbin,815
Cairo,220
Thor,401
Lucien,4183
Darius,48477
Demonte,253
Issac,20088
Fernando,92883
Clem,3056
Kenyon,4395
Christopher,2003915
Delmus,9
Kai,28769
Perley,91
Alvie,2975
Christy,7
Frederic,12148
Early,2731
Young,55
Jalen,35042
Orlando,45903
Geno,35
Emmet,2270
Boone,220
Cary,22827
Storm,1010
Justice,14741
Angelo,75207
Norval,1589
Damond,535
Ora,4054
Garrett,127410
Lucio,210
Crawford,2099
Ignacio,17053
Kaleb,70192
Buren,6
Severt,7
Amarion,1714
Blanche,52
Gertrude,149
Goldie,47
Arlie,5368
Arlis,216
Hideo,162
Santo,2304
Cephus,22
Maceo,33
Garnet,487
Westin,2035
John,5005724
Barrie,344
Montel,572
Malcolm,59445
Columbus,5953
Linda,3049
Alto,35
Bolden,6
Acy,6
Wilber,4220
Del,2791
Nellie,84
Jencarlos,217
Furman,1117
Montrell,597
Kasen,4492
Kale,4980
Adan,23772
Ramiro,23545
Kadeem,1714
Jule,94
Cannon,4886
Effie,53
Andon,203
Martell,873
Desmond,29834
Jayce,19407
Alpheus,27
Carey,15581
Rueben,903
Tyrel,1756
Brady,83748
Verne,5061
Fred,325393
Norberto,1108
Helmer,136
Anderson,22597
Evertt,21
Todd,280326
Ford,2595
Charles,2324965
Roma,14
Marlin,18046
Esco,7
Agnes,107
Braydon,11677
Reinhold,610
Justus,5686
Mayson,1732
Zaiden,4869
Domonique,410
Zeke,1389
Worth,742
Benjaman,94
Davie,473
Jens,20
Lary,343
Audley,32
Ocie,970
Gordon,151073
Bo,8395
Kathleen,56
Maurice,132340
Maxim,4154
Jamel,9271
Aubrey,27752
Posey,7
Alta,14
Daxton,3460
Darion,4895
Burney,16
Arron,5630
Alonso,7687
Dabney,6
Jules,5240
Okey,164
Peyton,43360
Rollin,4076
Frazier,74
Marcus,224345
Chevy,445
Lisle,9
Tandy,10
Lorne,1695
Maddox,23779
Hernan,1880
Jonnie,1498
Judy,323
Gorge,9
Davin,9230
Dyllan,757
Kunta,215
Darryl,90349
Demarco,3043
Holmes,7
Henri,22
Schley,10
Zavier,3590
Glenn,245319
Daryn,289
Arvin,1910
Olof,7
Pinkney,47
Stonewall,17
Son,224
Darell,1914
Yahir,9461
Blane,1134
Forest,11946
Torrance,1206
Mykel,139
Drake,30225
Miguelangel,140
Fannie,23
Jameel,635
Bertie,133
Powell,6
Rian,256
Flora,8
Vito,11777
Authur,180
Soloman,17
Izaiah,9373
Judge,1576
Rudy,47238
Eunice,111
Lillie,115
Maxwell,83134
Oswald,1986
Jefferson,20543
Amado,44
Shon,2859
Derrell,3324
Grant,117379
Jarett,366
Tillman,1405
Tyshawn,2958
Laurel,562
Tavaris,80
General,2468
Hezekiah,3209
Garvin,61
Ernie,14694
Bernhard,222
Leonce,7
Adolfo,13850
Ras,16
Eugene,374524
Jammie,925
Sheridan,125
Thatcher,694
Delma,42
Thiago,2632
Cleo,9883
Jamey,5258
Jaheem,182
Kristen,139
Rene,48572
Jaleel,1931
Davey,595
Caiden,15010
Truman,11106
Morgan,40954
Atticus,6090
Burnie,25
Freeman,8468
Hugh,77991
Aurthur,5
Jennifer,3834
Keion,159
Braeden,12082
Elam,15
Margaret,2427
Commodore,17
Erwin,18363
Larkin,61
Alvah,358
Dwayne,74759
Zachary,522738
Stanton,4366
Earley,28
Demetrios,280
Giuseppe,1765
Georgia,16
Adolph,16545
Benny,45004
Lazaro,2001
Geovanni,421
Geoff,126
Ace,4739
Durward,1839
Phillip,304967
Carlie,44
Kirt,2438
Patrick,665465
Cyril,9355
Sharif,234
Dante,39894
Terrill,1943
Javen,928
Colin,119767
Alton,43754
Rylen,668
Hoover,665
Linnie,23
Burleigh,6
Peter,566532
Kannon,699
Earnest,55628
Lou,845
Dionte,1141
Mildred,749
Rogers,5831
Mekhi,9129
Talen,413
Chaz,8318
Bilal,286
Joseph,2555493
Rylan,23122
Elijah,253050
Augustin,29
Linus,525
Addison,9620
Simmie,15
Sherrill,794
Juwan,2574
Lucian,6993
Willy,7
Tavon,1120
Renard,233
Norton,1382
Jerimy,75
Chet,3465
Willie,442185
Jovan,7715
Jefferey,2445
Gerry,12663
Ken,29539
Trey,36026
Verle,765
Asher,35685
Rondal,267
Lawrence,452652
Lane,33790
Lindsey,6409
Reese,13349
Kurtis,15922
Andy,85955
Nicholas,883491
Princeton,2148
Benjiman,1613
Burk,6
Garland,22262
Boston,5024
Omer,5255
Gerard,55436
Johnnie,98903
Benji,346
Rakeem,849
Eric,868917
Reuben,28441
Larue,23
Tate,14481
Fidencio,51
Rube,100
Bonnie,3166
Carnell,1372
Ruel,100
Maria,1280
Walt,532
Glynn,3539
Reynold,3185
Hershell,176
Hardie,27
Jarrod,23771
Samual,85
Sherman,36750
Williard,182
Saul,37785
Jayden,180756
Sawyer,31630
Grayson,51674
Little,25
Masao,690
Major,11192
Lemon,139
Eduardo,99797
Jionni,242
Matteo,9427
Page,16
Deangelo,10302
Derald,619
Percival,53
Howard,339709
Damon,61678
Jett,10257
Jadyn,2462
Charly,6
Jaheim,2470
Jaziel,223
Harrold,10
Brecken,1325
Mahlon,2726
Bertha,207
Elzie,2764
Newman,310
Bentley,30661
Alfie,119
Kristoffer,2316
Jean,22644
Bishop,653
Guthrie,7
Marvin,248767
Rocco,24691
Iverson,6
Zayden,12075
Monroe,13126
Berlin,42
Bessie,156
Doris,2560
Shelley,50
Baby,5241
Bailey,17229
Dillan,5461
Elex,25
Donn,5512
Axton,1134
Curt,14818
Emiliano,16192
Ellwood,1154
Sylvan,1413
Earl,282271
Frankie,40064
Joeseph,9
Vidal,251
Tod,6318
Denzell,424
Brennan,29740
Kyson,2613
Elie,142
Malachi,38776
Helen,2386
Gladys,225
Moises,24111
Dean,169723
Wally,3409
Mustafa,1470
Tracy,59452
Nels,697
Jacquez,168
Anson,1325
Tariq,3120
Raoul,241
Arnold,101118
Elliott,39481
Fredy,317
Zander,16682
Leo,184735
Esker,9
Braylon,12668
Mario,141696
Gussie,86
Verner,900
Buel,79
Isreal,25
Tyron,5189
Manning,44
Curtis,256310
Jethro,36
Keshaun,331
Fremont,6
Amanda,1349
Anibal,252
Camilo,1310
Rudolph,50971
Dillon,59996
Emery,14159
Kayden,37615
Heriberto,7526
Ansel,294
Jaylan,3072
Garth,8390
Lenord,254
Seamus,4707
Vernal,126
Stanley,297099
Warren,172445
Duane,112842
Lonie,166
Adolf,496
Harry,397464
Harrie,6
Wilmer,11372
Casper,2003
Talmage,258
Mac,5219
Lena,21
Burns,12
Demarcus,11860
Frances,3491
Abram,12854
Jamin,955
Muhammad,10111
Ignatius,1630
Randell,8112
Timmie,1762
Shemar,1241
Isaiah,192326
Chip,2143
Graysen,936
Lennox,2196
Randel,1999
Ian,211561
Harold,546981
Rayfield,21
Bernardo,7321
Eligah,187
Xavier,120354
Joel,259665
Reilly,2227
Percy,28387
Loyal,2696
Tito,326
Makhi,1736
Mitchell,160394
Hakeem,2330
Silver,10
Leslie,109789
Bird,6
Bernie,7772
Kipp,367
Tobin,1565
Creed,39
Jarret,978
Daisy,13
Wiley,13177
Jalon,651
Sylvester,40020
Oakley,1974
Jamison,14911
Trenton,53222
Sylas,2596
Carlton,46701
Kris,11799
Harve,67
Sincere,5217
Dewey,32841
Torry,71
Wright,112
Ransom,581
Barney,14615
Needham,16
Ishmael,737
Ray,199050
Kalvin,845
Cale,6736
Imanol,357
Gloria,241
Jonathan,820077
Darry,391
Oland,9
Shay,1510
Hobson,66
Dillion,2071
Jamil,4693
Estes,7
Olan,783
Kay,2763
Mervyn,302
Estell,10
Vivaan,475
Tavares,1335
Arland,325
Darl,45
Marty,29877
Wyman,640
Keyshawn,2806
Tyrone,77698
Toivo,238
Yehuda,2010
Budd,12
Bartley,92
Royal,9881
Ruby,1978
Oris,475
Ed,22172
Brandin,626
Jennings,2545
Dan,102198
Garfield,3586
Sarah,1246
Isidro,3755
Loren,44094
Hervey,19
Claudie,2299
Anton,21065
Graydon,11
Craig,298076
Erasmo,56
Logan,293874
Shelton,9786
Baxter,490
Darwin,23229
Michele,482
Ladarius,2459
Val,4128
Ferris,167
Edwardo,4437
Carson,92715
Marlo,313
Heath,26741
Lucius,5299
Germaine,960
Micky,566
Junius,3759
Trevor,153304
Brown,375
Maude,46
Juluis,14
Haven,9
Glen,123145
Lovell,193
Davis,26856
Joey,50488
Jess,22462
Mickey,24900
Cruz,19818
Owen,157512
Matthew,1564959
Farrell,2490
Bell,8
Hoyt,5922
Encarnacion,13
Levy,522
Bowen,2179
Franklyn,3389
Brixton,207
Hermon,3296
Dee,5920
Cristobal,3088
Jonatan,418
Tremayne,1663
Raymon,4694
Avi,218
Menachem,2270
Francesco,3566
Shaquille,4521
Loyd,21168
Demond,2958
Kamden,6086
Lars,2021
Martez,1010
Ezell,1390
Jamarion,5826
Kory,12423
Griffith,7
Benjamin,700938
Angus,1606
Almer,40
Rex,55931
Elvis,15284
Coleton,150
Presley,16
Porfirio,113
Orrie,29
Vinton,7
Alfonzo,2638
Mary,13453
Tegan,202
Walton,3940
Eliot,1570
Bradly,7520
Wilson,44039
Juston,860
Graham,37484
Cohen,9745
Ferdinand,6687
Dariel,734
Damien,52281
Vivian,1410
Blaine,30376
Zavion,199
Elva,23
Malcom,1214
Benjamen,436
Jerome,158699
Tristen,18156
Eliseo,5474
Oliver,124359
Willian,1571
Jodie,547
Orlin,48
Foster,7303
Demian,150
Finis,867
Aubra,6
Kenan,136
Ritchie,2037
Kevan,804
Amit,955
Alexis,60286
Hall,21
Smith,1359
Bennett,31602
Gurney,20
Elbridge,12
Hadley,30
Toney,3826
Goebel,10
Valentin,5853
Jaquez,167
Rance,6
Kohen,1146
Derik,3345
Isaac,253341
Fitzhugh,57
Devaughn,135
Hubbard,31
Teagan,3112
Philip,335697
Rich,2590
Deryl,49
Troy,208467
Arlo,4086
Ivy,1359
Crystal,82
Javon,15570
Jaiden,24779
Jorden,5335
Zackery,16025
Beryl,1604
Waino,21
Daron,4996
Sebastian,123358
Warner,5282
Deontae,1019
Devontae,983
Pierre,15764
Arbie,8
Tex,593
Merl,1548
Sid,437
Tony,246991
Johann,646
Lacy,5066
Tuan,176
Harlan,20266
Basil,9795
Alonzo,38971
Artie,2848
Robin,41831
Grady,44250
Ely,39
Ted,73054
Leandro,2809
Ryne,2390
Raheem,4666
Tiffany,114
Junior,39722
Kalen,863
Abraham,82942
Evert,2036
Keenen,248
Phoenix,10800
Otha,5221
Bernice,2748
Casey,108325
Langston,882
Stafford,49
Coby,6597
Bryson,48884
Koen,1119
Arvo,43
Cosmo,182
Ameer,1150
Christian,399622
Winfred,8833
Manford,185
Eldred,2457
Jovanni,3118
Joan,2300
Mart,46
Samir,5827
Deonta,539
Salvatore,54791
Lennie,949
Desi,125
Dolphus,62
Mont,51
Kolten,2164
Humphrey,27
Arnett,17
Owens,13
Brayan,12859
Angel,215764
Carlos,279434
Jarrett,20126
Jordon,11767
Chris,142611
Miles,70211
Trystan,2292
Kraig,4706
Janice,92
Abel,44265
Otis,53864
Brendon,18596
Case,3742
Cooper,70104
Victoriano,8
Winston,24984
Faron,1272
Adonis,5739
Rolf,1488
Offie,7
Mose,5519
Howell,2838
Greg,75927
Fabian,35381
Abdiel,1998
Tobias,15133
Devonta,1698
Enrique,55378
Johnny,309317
Dwight,76090
Melville,1178
Attilio,193
Emile,5578
Marquez,3271
Hayden,89454
Casimer,1355
Lester,126051
Doll,7
Christop,1082
Mannie,58
Vashon,172
Korey,9345
Judith,637
Nevin,303
Trenten,172
Irene,149
Arjun,5481
Allen,263253
Jarvis,14272
Benson,3005
Nat,669
Norman,248579
Jasmine,151
Jasper,35253
Webb,71
Nora,65
Daren,8037
Zeb,106
Lafayette,2245
River,11872
Lowell,39319
James,5066934
Uriah,4607
Gabriel,317962
Luka,4012
Barrett,14073
Sam,117730
Donta,2141
Ancil,6
Camdyn,1474
Clair,11324
Dora,32
Wendell,51097
Guss,263
Andrew,1260062
Donald,1409160
Aurelio,2372
Lish,6
Hughes,61
Michelle,1746
Callen,2746
Merlyn,2492
Carroll,33937
Delton,2371
Garner,158
Martha,249
Zechariah,7920
Johnathon,23912
Jedediah,1349
Angela,636
Wm,1481
Trevin,1290
Merton,3367
Latrell,1245
Ronnie,180322
Julius,73640
Oran,2386
Hurley,547
Dereon,663
Odus,24
Trae,947
Loran,2145
Ned,15593
Marcelino,1620
Landan,197
Rocky,23909
Connor,190006
Sing,18
Freddy,24604
Donny,10896
Treyton,386
Chesley,110
Erland,6
Cleve,3002
Deacon,4969
Anfernee,717
Kobe,14671
Clint,29497
Arvil,1840
Denzil,2261
Alvaro,13209
Titus,15165
Amy,650
Fernand,485
Jeremiah,177539
Jody,29092
Silas,36220
Kim,33679
Abner,2034
Gino,9262
Genie,8
Lawson,8297
Alpha,127
Cason,6039
Stetson,1625
Alois,1686
Lambert,1612
Cliff,7466
Dale,275589
Burnice,51
Maddux,412
Woodie,201
Gilmer,9
Edson,80
Raphael,18008
Lessie,28
Sutton,217
Spencer,113078
Knute,7
Jessie,107717
Zebulon,398
Alain,83
Lonny,5334
Hardy,3533
Rand,1366
Elliot,35047
Horace,50906
Clarnce,24
Lynwood,2702
Rome,9
Kazuo,158
Red,6
Ross,78902
Trace,9439
Riley,89127
Lavern,8594
Kevin,1158193
Rhys,4999
Delmar,12561
Devonte,9100
Acie,94
Elizah,6
Winford,3452
Destin,2719
Mohammed,11201
Jordi,377
Khari,159
Dorsey,4086
Burley,747
Hughey,8
Autry,195
Johnpaul,1654
Tyreek,533
Cristiano,920
Eliezer,2693
Octavius,232
Tahj,379
Bartholomew,477
Burgess,6
Toma,84
Hershel,8174
Saint,17
Herschel,8647
Reginal,479
Darwyn,67
Alexandre,1487
Benjamine,62
Irwin,13883
Florian,2224
Rustin,172
Isidor,8
Cole,124797
Gustavo,34821
Giancarlo,6000
Willard,74701
Heber,212
Gregorio,8235
Pearl,2685
Elias,65606
Audie,1716
Lenwood,472
Tristian,5432
Nicole,600
Tayshaun,360
Edmond,21605
Bryton,256
Domenick,1915
Mark,1344931
Nile,15
Ingram,6
Joe,442850
Sim,290
Gavyn,3905
Jace,51833
Harris,9945
Leeroy,2320
Archibald,1249
Giovanni,59458
Anakin,454
Tyrik,162
Billie,30443
Terance,180
Hoy,12
Ossie,102
Davion,10286
Aydin,3783
Derek,225856
Toby,31991
Judson,8317
Robley,12
Jeramy,3238
Gunnar,10942
Franklin,132867
Kaeden,3509
Minor,179
Lorenz,28
Severo,8
Flint,186
Dennis,615148
Teddy,30179
Brayson,213
Dawson,29216
Anastacio,20
Zakary,3479
Floy,22
Trevion,1014
Halsey,7
Rock,1050
Elwin,3879
Verna,8
Pleasant,56
Tomie,104
Blair,12647
Stephon,5892
Odis,6897
Junious,245
Sydney,5489
Brentley,1489
Hobart,2784
Dorris,543
Huey,5426
Lee,226090
Lamar,32183
Roe,38
Heather,304
Alonza,556
Immanuel,2152
Kalel,909
Chauncey,6247
Kamryn,1872
Rosco,48
Jeffrey,970986
Gasper,61
Richie,3322
Reno,554
Josiah,84792
Carsen,631
Isadore,4134
Deondre,1684
Sigurd,45
Brysen,434
Ronald,1076491
Johney,33
Jacky,3679
Wellington,591
Darrick,6204
Wayman,320
Belton,20
Zackary,29140
Fenton,50
Sampson,263
Barbara,3307
Orvel,92
Darryn,137
Corban,404
Marchello,109
Emmitt,7009
Carlisle,26
Anthoney,60
Adam,538576
Cassius,2024
Theron,9710
Dane,30086
Britt,2370
Seldon,14
Emmanuel,66994
Taj,218
Male,691
Colie,39
Len,2604
Clarence,292226
Rey,3493
Hansel,52
Bee,149
Jerald,24257
Shoji,81
Lola,15
Randal,27164
Domenico,51
Javion,4635
Eden,2695
Jedidiah,3654
Skip,920
Doctor,61
Christophe,3095
Jed,5839
Brody,59754
Alfred,236267
Wayland,1105
Joziah,1464
Ulysses,14581
Amon,12
Randolf,118
Richard,2551155
Alvan,101
Bently,1399
Monty,12916
Ova,7
Chalmers,21
Carrol,5457
Collis,17
Earle,10239
Lea,7
Foch,58
Forrest,45316
Bradford,30107
Davian,3677
Luverne,164
Yaakov,208
Harley,37134
Kristofer,7766
Dayne,148
Baron,1894
Shannon,49950
Zayne,4081
Gaige,2606
Carol,7852
Neely,6
Destry,149
Lex,303
Maxie,3511
Pat,25855
Shirley,8754
Jayse,441
Hollis,11453
Jase,15314
Mateo,31113
Shafter,14
Audrey,1456
Kaison,545
Abbie,5
Cassidy,1188
Braylin,219
Cael,2475
Les,2034
Omari,6058
Ludwig,1223
Lue,12
Rick,79252
Wash,235
Toshio,115
Kristopher,60297
Dick,28508
Danielle,307
Jerrold,7122
Luis,262982
Robt,16
Finnegan,5255
Quinn,28509
Algie,109
Burt,5564
Aaden,3906
Mckinley,6170
Efren,5232
Jerrod,8117
Americo,1476
Austyn,2606
Ozzie,7
Roby,31
Layne,8777
Plummer,19
Brian,1159931
Ammon,46
Levern,119
Gibson,1422
Perry,71982
Micheal,152763
Thorwald,8
Errol,6547
Agustin,13420
Carmine,9610
Shedrick,245
Arlyn,444
Reid,29093
Keaton,17826
Paxton,12290
Lennon,2296
Deric,2500
Volney,9
Adlai,32
Virgil,68329
Chad,238617
Millard,15276
Rollo,36
Andrae,528
Rhett,13817
Clarance,3153
Grayling,119
Wilfredo,7096
Rod,7406
Weston,33740
Henrik,518
Dozier,6
Ramon,73894
Unknown,6972
Domingo,11536
Reyansh,462
Derrek,548
Stoney,737
Tommy,175006
Malik,41177
Myles,36169
Hiroshi,670
Denzel,7785
Abelardo,68
Easton,33441
Van,25201
Hans,12040
Dangelo,5892
Yahya,211
Camron,12610
Dominick,60271
Tyler,574895
Derrick,140126
Barron,1057
Orlo,45
Omarion,2632
Jerimiah,1834
Donal,2010
Alfonse,165
Savion,2845
Charley,18155
Augusta,118
Damian,75715
Hilbert,1078
Adin,369
Hung,88
Roderick,45374
Derick,17600
May,49
Chadrick,1063
Jordyn,3417
Aime,8
Zion,22105
Hank,7245
Guido,1885
Kole,6716
Royce,25453
Cade,24001
Sidney,80713
Mamie,15
Lisandro,179
Anders,1678
Briggs,1026
Jude,27644
Eloy,5059
Wyatt,127146
Dakoda,536
Deante,671
Karson,9714
Briar,203
Hartley,20
Bryan,375579
Gorden,484
Jeffry,13533
Denton,474
Rashaan,140
Wilton,6699
Mell,6
Romello,306
Jaxen,2791
Talmadge,3813
Max,140753
Hosie,67
Elick,6
Osvaldo,12475
Kimball,175
Rush,85
Raekwon,1459
Brook,1527
Nasir,9478
Marques,6470
Moe,234
Patricia,3849
Harrell,839
Darrell,158127
Eino,441
Evans,2176
Rahn,66
Lynn,50807
Duncan,18787
Quinten,4635
Matt,21445
Janet,88
Deron,3271
Dominik,6959
Malvin,837
Add,16
Zeno,39
Shayne,8892
Gus,14498
Denver,12098
Ron,34189
Albin,2910
Wilkie,61
Loring,15
Dirk,9078
Darron,4124
Chuck,16568
Nestor,6655
Elbert,31135
Dequan,2035
Bennie,50113
Luca,18245
Guadalupe,23505
Laurance,53
Juelz,874
Edwin,235085
Krish,2188
Orland,942
Sol,5098
Eldon,23488
Kareen,71
Lemmie,22
Hamilton,1534
Uriel,13849
Lucca,1118
Giovani,4294
Nicholaus,1193
Don,164340
June,1962
David,3582185
Deandre,26281
Apollo,1009
Jamar,14195
Seward,20
Dell,2363
Rohan,8049
Kian,5657
Tobe,127
Lige,313
Timmothy,2335
Lanny,8657
Romeo,14228
Kiyoshi,397
Demario,3392
Lyle,54669
Ward,13060
Eldridge,3574
Delmer,6568
Everett,94602
Merwin,744
Antwain,366
Jelani,151
Jamarcus,3273
Korbin,5565
Kelley,3669
Refugio,1137
Prentiss,56
Arne,606
Sumner,779
Nathen,2784
Ezekiel,31313
Cap,17
Jahiem,586
Melvyn,2848
Wade,66525
Frederick,255100
Luther,61309
Dominique,21508
Jairo,8554
Cortney,1980
Jame,1424
Claus,21
Che,571
Lesley,2955
Johny,667
Pedro,86061
Virginia,842
Tab,425
Kahlil,749
Nelson,75183
Khiry,535
Nikolas,19149
Braden,42222
Sanders,120
Markell,950
Vic,570
Sullivan,5223
Ambrose,5119
Leonidas,2582
Rashad,14722
Boris,689
Russ,4359
Ephriam,51
Julian,186002
Gauge,2989
Dorman,525
Lawton,105
Thurston,950
Barnett,50
Jeff,117397
Florence,441
Bud,7877
Chandler,29704
Jaeden,3861
Hubert,54957
Claudio,645
Robby,8592
Cornel,59
Yousef,1286
Kael,1336
Chas,1178
Jamir,3857
Antwan,10798
Ballard,21
Farris,724
Cleveland,19564
Asbury,36
Renaldo,459
Elmer,122105
Ebb,13
Griffin,33235
Darren,100337
Callie,44
Gianni,7441
Wes,1566
Chancy,8
Kit,889
Ricky,219422
Jones,751
Sylvanus,8
Skylar,16147
Geraldo,115
Brad,81522
Paul,1378960
Makai,3382
Oral,1453
Caden,55006
Cedrick,3812
Edsel,2353
Orson,36
Michael,4320369
Greggory,3703
Murdock,7
Donte,14002
Evander,7
Leonardo,53700
Cecil,103212
Butler,106
Conway,68
Clemens,696
Jericho,440
Dominic,152034
Harvey,113731
Felipe,29001
Mattie,147
Torrence,518
Cody,279133
Bentlee,2125
Ridge,430
Cordaro,107
Prince,12347
Ellsworth,6378
Vinson,461
Isaias,10998
Lafe,6
Gaven,2223
Elmore,2867
Finn,13220
Bryon,12723
Harrison,65393
Lachlan,747
Jim,147697
Brandan,4026
Brycen,8838
Conrad,33315
Jaimie,172
Gavin,162193
Erich,9174
Author,614
Achilles,212
Antwon,3388
Adalberto,95
Moses,36373
Reino,240
Aden,16129
Cash,13344
Flem,6
Jaylen,30507
Butch,2321
Daryl,60315
Coty,4402
Preston,106395
Namon,7
Wong,62
Glover,60
Elgin,920
Chadd,1178
Hayward,3835
Kyan,1292
Hayes,2966
Pete,40660
Williams,2688
Rowland,2372
Carolyn,493
Shane,185434
Price,618
Sergio,72461
Everette,8088
Fredie,10
Randolph,47540
Stephanie,898
Hillard,1250
Otho,2433
Kash,4306
Masen,764
Arden,4849
Trever,4717
Gennaro,30
Durwood,1772
Glenwood,442
Justine,1027
Lem,236
Brogan,1238
Jermain,609
Alphonse,8604
Clay,35705
Eddie,207058
Aron,17314
Russell,350274
Cloyd,2086
Jaidyn,1882
Faustino,143
Carrie,87
Georgie,7
Parrish,1119
Marie,348
Francisco,129753
Ayaan,2752
Kevon,3220
Elige,64
Timothy,1062767
Eva,115
Tucker,33615
Katherine,11
Sterling,29328
Theo,5249
Melvin,240741
Kase,1025
Stephen,852328
Berton,224
Jordan,358639
Deane,922
Cleave,24
Tyquan,1317
Gaither,7
Winnie,7
Tammy,513
Shanon,794
Ewart,9
Codey,1827
Cris,1271
Thaddeus,22505
Lionel,27578
Cortez,7784
Solomon,29696
Kegan,1130
Kade,13487
Chalmer,426
Merritt,3284
Montana,1196
Deward,204
Jemal,204
Evan,251626
Melton,3076
Kiefer,347
Jarrell,1210
Ovila,7
Cornell,8546
Simpson,11
Eddy,10083
Collier,7
Abdullah,4616
Savon,489
Garrick,3094
Sandy,8751
Dion,15131
Gardner,742
Darrel,28211
Lavar,711
Alek,712
Josef,6036
Blaze,4071
Rudolfo,246
Ferd,49
Coen,874
Julia,58
Boden,418
Fidel,8997
Dax,4083
Brain,3671
Arvel,1169
Ruben,109328
Tatum,2450
Evelyn,120
Daylen,200
Ty,43164
Remy,2199
Bodhi,1962
Reggie,8881
Raylan,2529
Toy,59
Montie,61
Delano,1613
Ella,90
Dylan,341741
Harlon,44
Camren,5020
Grace,204
Tremaine,1230
Kaysen,1075
Rossie,17
Claude,85805
Clemence,9
Benard,9
Alcide,86
Link,6
Garett,3080
Gay,77
Conor,20206
Zollie,44
Leander,3152
Orvin,45
Deborah,867
Rylee,3469
George,1409995
Jaydon,7655
Corwin,237
Taft,220
Dow,48
Laurence,37200
Jeremey,2450
Marilyn,45
Windell,1192
Haiden,1795
Lannie,382
Daniel,1876755
Ulises,8720
Landin,866
Guillermo,28760
Ebert,6
Enoch,5615
Rasheed,2270
Donnell,11438
Beecher,23
Ivory,6145
Jamie,83979
Sabastian,708
Nash,6840
Terry,421695
Coley,44
Carmelo,7453
Denis,16187
Tobie,8
Pamela,123
Donell,2228
Mathew,73427
Linton,93
Ronal,61
Cayden,28386
Scottie,8022
Grover,22628
Marcelo,5408
Kingsley,1490
Zane,41411
Lawyer,83
Tyriq,351
Haskell,2572
Daryle,1140
Mearl,47
Deven,8841
Remington,9345
Maverick,11890
Tollie,8
